iso3,year,country_exists,depth_score,agreement_type,reciprocal,fta_or_deeper,nonreciprocal_only,n_northern_reporting,n_northern_with_agreement
AGO,1950,True,0.0,0_none,0.0,0.0,0.0,28.0,0.0
AGO,1951,True,0.0,0_none,0.0,0.0,0.0,28.0,0.0
AGO,1952,True,0.0,0_none,0.0,0.0,0.0,28.0,0.0
AGO,1953,True,0.0,0_none,0.0,0.0,0.0,28.0,0.0
AGO,1954,True,0.0,0_none,0.0,0.0,0.0,28.0,0.0
AGO,1955,True,0.0,0_none,0.0,0.0,0.0,28.0,0.0
AGO,1956,True,0.0,0_none,0.0,0.0,0.0,28.0,0.0
AGO,1957,True,0.0,0_none,0.0,0.0,0.0,28.0,0.0
AGO,1958,True,0.0,0_none,0.0,0.0,0.0,28.0,0.0
AGO,1959,True,0.0,0_none,0.0,0.0,0.0,28.0,0.0
AGO,1960,True,0.0,0_none,0.0,0.0,0.0,29.0,0.0
AGO,1961,True,0.0,0_none,0.0,0.0,0.0,29.0,0.0
AGO,1962,True,0.0,0_none,0.0,0.0,0.0,29.0,0.0
AGO,1963,True,0.0,0_none,0.0,0.0,0.0,29.0,0.0
AGO,1964,True,0.0,0_none,0.0,0.0,0.0,30.0,0.0
AGO,1965,True,0.0,0_none,0.0,0.0,0.0,31.0,0.0
AGO,1966,True,0.0,0_none,0.0,0.0,0.0,31.0,0.0
AGO,1967,True,0.0,0_none,0.0,0.0,0.0,31.0,0.0
AGO,1968,True,0.0,0_none,0.0,0.0,0.0,31.0,0.0
AGO,1969,True,0.0,0_none,0.0,0.0,0.0,31.0,0.0
AGO,1970,True,0.0,0_none,0.0,0.0,0.0,31.0,0.0
AGO,1971,True,0.0,0_none,0.0,0.0,0.0,31.0,0.0
AGO,1972,True,1.0,1_nonreciprocal,0.0,0.0,1.0,31.0,8.0
AGO,1973,True,1.0,1_nonreciprocal,0.0,0.0,1.0,31.0,10.0
AGO,1974,True,1.0,1_nonreciprocal,0.0,0.0,1.0,31.0,10.0
AGO,1975,True,1.0,1_nonreciprocal,0.0,0.0,1.0,31.0,10.0
AGO,1976,True,1.0,1_nonreciprocal,0.0,0.0,1.0,31.0,11.0
AGO,1977,True,1.0,1_nonreciprocal,0.0,0.0,1.0,31.0,15.0
AGO,1978,True,1.0,1_nonreciprocal,0.0,0.0,1.0,31.0,15.0
AGO,1979,True,1.0,1_nonreciprocal,0.0,0.0,1.0,31.0,15.0
AGO,1980,True,1.0,1_nonreciprocal,0.0,0.0,1.0,31.0,15.0
AGO,1981,True,1.0,1_nonreciprocal,0.0,0.0,1.0,31.0,16.0
AGO,1982,True,1.0,1_nonreciprocal,0.0,0.0,1.0,31.0,16.0
AGO,1983,True,1.0,1_nonreciprocal,0.0,0.0,1.0,31.0,16.0
AGO,1984,True,1.0,1_nonreciprocal,0.0,0.0,1.0,31.0,16.0
AGO,1985,True,1.0,1_nonreciprocal,0.0,0.0,1.0,31.0,17.0
AGO,1986,True,1.0,1_nonreciprocal,0.0,0.0,1.0,31.0,19.0
AGO,1987,True,1.0,1_nonreciprocal,0.0,0.0,1.0,31.0,19.0
AGO,1988,True,1.0,1_nonreciprocal,0.0,0.0,1.0,31.0,19.0
AGO,1989,True,1.0,1_nonreciprocal,0.0,0.0,1.0,31.0,19.0
AGO,1990,True,1.0,1_nonreciprocal,0.0,0.0,1.0,31.0,19.0
AGO,1991,True,1.0,1_nonreciprocal,0.0,0.0,1.0,34.0,19.0
AGO,1992,True,1.0,1_nonreciprocal,0.0,0.0,1.0,34.0,19.0
AGO,1993,True,1.0,1_nonreciprocal,0.0,0.0,1.0,36.0,20.0
AGO,1994,True,1.0,1_nonreciprocal,0.0,0.0,1.0,36.0,20.0
AGO,1995,True,1.0,1_nonreciprocal,0.0,0.0,1.0,36.0,21.0
AGO,1996,True,1.0,1_nonreciprocal,0.0,0.0,1.0,36.0,21.0
AGO,1997,True,1.0,1_nonreciprocal,0.0,0.0,1.0,36.0,21.0
AGO,1998,True,1.0,1_nonreciprocal,0.0,0.0,1.0,36.0,21.0
AGO,1999,True,1.0,1_nonreciprocal,0.0,0.0,1.0,36.0,21.0
AGO,2000,True,1.0,1_nonreciprocal,0.0,0.0,1.0,36.0,23.0
AGO,2001,True,1.0,1_nonreciprocal,0.0,0.0,1.0,36.0,23.0
AGO,2002,True,1.0,1_nonreciprocal,0.0,0.0,1.0,36.0,23.0
AGO,2003,True,1.0,1_nonreciprocal,0.0,0.0,1.0,36.0,24.0
AGO,2004,True,1.0,1_nonreciprocal,0.0,0.0,1.0,36.0,31.0
AGO,2005,True,1.0,1_nonreciprocal,0.0,0.0,1.0,36.0,31.0
AGO,2006,True,1.0,1_nonreciprocal,0.0,0.0,1.0,36.0,31.0
AGO,2007,True,1.0,1_nonreciprocal,0.0,0.0,1.0,36.0,31.0
AGO,2008,True,1.0,1_nonreciprocal,0.0,0.0,1.0,36.0,31.0
AGO,2009,True,1.0,1_nonreciprocal,0.0,0.0,1.0,36.0,31.0
AGO,2010,True,1.0,1_nonreciprocal,0.0,0.0,1.0,36.0,31.0
AGO,2011,True,1.0,1_nonreciprocal,0.0,0.0,1.0,36.0,31.0
AGO,2012,True,1.0,1_nonreciprocal,0.0,0.0,1.0,36.0,31.0
AGO,2013,True,1.0,1_nonreciprocal,0.0,0.0,1.0,36.0,31.0
AGO,2014,True,1.0,1_nonreciprocal,0.0,0.0,1.0,36.0,31.0
AGO,2015,True,1.0,1_nonreciprocal,0.0,0.0,1.0,36.0,32.0
AGO,2016,True,1.0,1_nonreciprocal,0.0,0.0,1.0,36.0,32.0
AGO,2017,True,1.0,1_nonreciprocal,0.0,0.0,1.0,36.0,32.0
BFA,1950,False,,,,,,0.0,0.0
BFA,1951,False,,,,,,0.0,0.0
BFA,1952,False,,,,,,0.0,0.0
BFA,1953,False,,,,,,0.0,0.0
BFA,1954,False,,,,,,0.0,0.0
BFA,1955,False,,,,,,0.0,0.0
BFA,1956,False,,,,,,0.0,0.0
BFA,1957,False,,,,,,0.0,0.0
BFA,1958,False,,,,,,0.0,0.0
BFA,1959,False,,,,,,0.0,0.0
BFA,1960,True,0.0,0_none,0.0,0.0,0.0,29.0,0.0
BFA,1961,True,0.0,0_none,0.0,0.0,0.0,29.0,0.0
BFA,1962,True,0.0,0_none,0.0,0.0,0.0,29.0,0.0
BFA,1963,True,0.0,0_none,0.0,0.0,0.0,29.0,0.0
BFA,1964,True,1.0,1_nonreciprocal,0.0,0.0,1.0,30.0,6.0
BFA,1965,True,1.0,1_nonreciprocal,0.0,0.0,1.0,31.0,6.0
BFA,1966,True,1.0,1_nonreciprocal,0.0,0.0,1.0,31.0,6.0
BFA,1967,True,1.0,1_nonreciprocal,0.0,0.0,1.0,31.0,6.0
BFA,1968,True,1.0,1_nonreciprocal,0.0,0.0,1.0,31.0,6.0
BFA,1969,True,1.0,1_nonreciprocal,0.0,0.0,1.0,31.0,6.0
BFA,1970,True,1.0,1_nonreciprocal,0.0,0.0,1.0,31.0,6.0
BFA,1971,True,1.0,1_nonreciprocal,0.0,0.0,1.0,31.0,6.0
BFA,1972,True,1.0,1_nonreciprocal,0.0,0.0,1.0,31.0,12.0
BFA,1973,True,1.0,1_nonreciprocal,0.0,0.0,1.0,31.0,13.0
BFA,1974,True,1.0,1_nonreciprocal,0.0,0.0,1.0,31.0,15.0
BFA,1975,True,1.0,1_nonreciprocal,0.0,0.0,1.0,31.0,15.0
BFA,1976,True,1.0,1_nonreciprocal,0.0,0.0,1.0,31.0,16.0
BFA,1977,True,1.0,1_nonreciprocal,0.0,0.0,1.0,31.0,16.0
BFA,1978,True,1.0,1_nonreciprocal,0.0,0.0,1.0,31.0,16.0
BFA,1979,True,1.0,1_nonreciprocal,0.0,0.0,1.0,31.0,16.0
BFA,1980,True,1.0,1_nonreciprocal,0.0,0.0,1.0,31.0,16.0
BFA,1981,True,1.0,1_nonreciprocal,0.0,0.0,1.0,31.0,17.0
BFA,1982,True,1.0,1_nonreciprocal,0.0,0.0,1.0,31.0,17.0
BFA,1983,True,1.0,1_nonreciprocal,0.0,0.0,1.0,31.0,17.0
BFA,1984,True,1.0,1_nonreciprocal,0.0,0.0,1.0,31.0,17.0
BFA,1985,True,1.0,1_nonreciprocal,0.0,0.0,1.0,31.0,17.0
BFA,1986,True,1.0,1_nonreciprocal,0.0,0.0,1.0,31.0,19.0
BFA,1987,True,1.0,1_nonreciprocal,0.0,0.0,1.0,31.0,19.0
BFA,1988,True,1.0,1_nonreciprocal,0.0,0.0,1.0,31.0,19.0
BFA,1989,True,1.0,1_nonreciprocal,0.0,0.0,1.0,31.0,19.0
BFA,1990,True,1.0,1_nonreciprocal,0.0,0.0,1.0,31.0,19.0
BFA,1991,True,1.0,1_nonreciprocal,0.0,0.0,1.0,34.0,19.0
BFA,1992,True,1.0,1_nonreciprocal,0.0,0.0,1.0,34.0,19.0
BFA,1993,True,1.0,1_nonreciprocal,0.0,0.0,1.0,36.0,20.0
BFA,1994,True,1.0,1_nonreciprocal,0.0,0.0,1.0,36.0,20.0
BFA,1995,True,1.0,1_nonreciprocal,0.0,0.0,1.0,36.0,21.0
BFA,1996,True,1.0,1_nonreciprocal,0.0,0.0,1.0,36.0,21.0
BFA,1997,True,1.0,1_nonreciprocal,0.0,0.0,1.0,36.0,21.0
BFA,1998,True,1.0,1_nonreciprocal,0.0,0.0,1.0,36.0,21.0
BFA,1999,True,1.0,1_nonreciprocal,0.0,0.0,1.0,36.0,21.0
BFA,2000,True,1.0,1_nonreciprocal,0.0,0.0,1.0,36.0,23.0
BFA,2001,True,1.0,1_nonreciprocal,0.0,0.0,1.0,36.0,23.0
BFA,2002,True,1.0,1_nonreciprocal,0.0,0.0,1.0,36.0,23.0
BFA,2003,True,1.0,1_nonreciprocal,0.0,0.0,1.0,36.0,24.0
BFA,2004,True,1.0,1_nonreciprocal,0.0,0.0,1.0,36.0,31.0
BFA,2005,True,1.0,1_nonreciprocal,0.0,0.0,1.0,36.0,31.0
BFA,2006,True,1.0,1_nonreciprocal,0.0,0.0,1.0,36.0,31.0
BFA,2007,True,1.0,1_nonreciprocal,0.0,0.0,1.0,36.0,31.0
BFA,2008,True,1.0,1_nonreciprocal,0.0,0.0,1.0,36.0,32.0
BFA,2009,True,1.0,1_nonreciprocal,0.0,0.0,1.0,36.0,32.0
BFA,2010,True,1.0,1_nonreciprocal,0.0,0.0,1.0,36.0,32.0
BFA,2011,True,1.0,1_nonreciprocal,0.0,0.0,1.0,36.0,32.0
BFA,2012,True,1.0,1_nonreciprocal,0.0,0.0,1.0,36.0,32.0
BFA,2013,True,1.0,1_nonreciprocal,0.0,0.0,1.0,36.0,32.0
BFA,2014,True,1.0,1_nonreciprocal,0.0,0.0,1.0,36.0,32.0
BFA,2015,True,1.0,1_nonreciprocal,0.0,0.0,1.0,36.0,32.0
BFA,2016,True,1.0,1_nonreciprocal,0.0,0.0,1.0,36.0,32.0
BFA,2017,True,1.0,1_nonreciprocal,0.0,0.0,1.0,36.0,32.0
BWA,1950,False,,,,,,0.0,0.0
BWA,1951,False,,,,,,0.0,0.0
BWA,1952,False,,,,,,0.0,0.0
BWA,1953,False,,,,,,0.0,0.0
BWA,1954,False,,,,,,0.0,0.0
BWA,1955,False,,,,,,0.0,0.0
BWA,1956,False,,,,,,0.0,0.0
BWA,1957,False,,,,,,0.0,0.0
BWA,1958,False,,,,,,0.0,0.0
BWA,1959,False,,,,,,0.0,0.0
BWA,1960,False,,,,,,0.0,0.0
BWA,1961,False,,,,,,0.0,0.0
BWA,1962,False,,,,,,0.0,0.0
BWA,1963,False,,,,,,0.0,0.0
BWA,1964,False,,,,,,0.0,0.0
BWA,1965,False,,,,,,0.0,0.0
BWA,1966,True,1.0,1_nonreciprocal,0.0,0.0,1.0,31.0,1.0
BWA,1967,True,1.0,1_nonreciprocal,0.0,0.0,1.0,31.0,1.0
BWA,1968,True,1.0,1_nonreciprocal,0.0,0.0,1.0,31.0,1.0
BWA,1969,True,1.0,1_nonreciprocal,0.0,0.0,1.0,31.0,1.0
BWA,1970,True,1.0,1_nonreciprocal,0.0,0.0,1.0,31.0,1.0
BWA,1971,True,1.0,1_nonreciprocal,0.0,0.0,1.0,31.0,1.0
BWA,1972,True,1.0,1_nonreciprocal,0.0,0.0,1.0,31.0,14.0
BWA,1973,True,1.0,1_nonreciprocal,0.0,0.0,1.0,31.0,15.0
BWA,1974,True,1.0,1_nonreciprocal,0.0,0.0,1.0,31.0,17.0
BWA,1975,True,1.0,1_nonreciprocal,0.0,0.0,1.0,31.0,17.0
BWA,1976,True,1.0,1_nonreciprocal,0.0,0.0,1.0,31.0,19.0
BWA,1977,True,1.0,1_nonreciprocal,0.0,0.0,1.0,31.0,19.0
BWA,1978,True,1.0,1_nonreciprocal,0.0,0.0,1.0,31.0,19.0
BWA,1979,True,1.0,1_nonreciprocal,0.0,0.0,1.0,31.0,19.0
BWA,1980,True,1.0,1_nonreciprocal,0.0,0.0,1.0,31.0,19.0
BWA,1981,True,1.0,1_nonreciprocal,0.0,0.0,1.0,31.0,20.0
BWA,1982,True,1.0,1_nonreciprocal,0.0,0.0,1.0,31.0,20.0
BWA,1983,True,1.0,1_nonreciprocal,0.0,0.0,1.0,31.0,20.0
BWA,1984,True,1.0,1_nonreciprocal,0.0,0.0,1.0,31.0,20.0
BWA,1985,True,1.0,1_nonreciprocal,0.0,0.0,1.0,31.0,20.0
BWA,1986,True,1.0,1_nonreciprocal,0.0,0.0,1.0,31.0,22.0
BWA,1987,True,1.0,1_nonreciprocal,0.0,0.0,1.0,31.0,22.0
BWA,1988,True,1.0,1_nonreciprocal,0.0,0.0,1.0,31.0,22.0
BWA,1989,True,1.0,1_nonreciprocal,0.0,0.0,1.0,31.0,22.0
BWA,1990,True,1.0,1_nonreciprocal,0.0,0.0,1.0,31.0,22.0
BWA,1991,True,1.0,1_nonreciprocal,0.0,0.0,1.0,34.0,22.0
BWA,1992,True,1.0,1_nonreciprocal,0.0,0.0,1.0,34.0,22.0
BWA,1993,True,1.0,1_nonreciprocal,0.0,0.0,1.0,36.0,23.0
BWA,1994,True,1.0,1_nonreciprocal,0.0,0.0,1.0,36.0,23.0
BWA,1995,True,1.0,1_nonreciprocal,0.0,0.0,1.0,36.0,23.0
BWA,1996,True,1.0,1_nonreciprocal,0.0,0.0,1.0,36.0,23.0
BWA,1997,True,1.0,1_nonreciprocal,0.0,0.0,1.0,36.0,23.0
BWA,1998,True,1.0,1_nonreciprocal,0.0,0.0,1.0,36.0,23.0
BWA,1999,True,1.0,1_nonreciprocal,0.0,0.0,1.0,36.0,23.0
BWA,2000,True,1.0,1_nonreciprocal,0.0,0.0,1.0,36.0,23.0
BWA,2001,True,1.0,1_nonreciprocal,0.0,0.0,1.0,36.0,23.0
BWA,2002,True,1.0,1_nonreciprocal,0.0,0.0,1.0,36.0,23.0
BWA,2003,True,1.0,1_nonreciprocal,0.0,0.0,1.0,36.0,24.0
BWA,2004,True,1.0,1_nonreciprocal,0.0,0.0,1.0,36.0,30.0
BWA,2005,True,1.0,1_nonreciprocal,0.0,0.0,1.0,36.0,30.0
BWA,2006,True,1.0,1_nonreciprocal,0.0,0.0,1.0,36.0,30.0
BWA,2007,True,2.0,2_reciprocal_pta,1.0,0.0,0.0,36.0,30.0
BWA,2008,True,3.0,3_fta,1.0,1.0,0.0,36.0,31.0
BWA,2009,True,3.0,3_fta,1.0,1.0,0.0,36.0,31.0
BWA,2010,True,3.0,3_fta,1.0,1.0,0.0,36.0,31.0
BWA,2011,True,3.0,3_fta,1.0,1.0,0.0,36.0,31.0
BWA,2012,True,3.0,3_fta,1.0,1.0,0.0,36.0,31.0
BWA,2013,True,3.0,3_fta,1.0,1.0,0.0,36.0,31.0
BWA,2014,True,3.0,3_fta,1.0,1.0,0.0,36.0,31.0
BWA,2015,True,3.0,3_fta,1.0,1.0,0.0,36.0,30.0
BWA,2016,True,3.0,3_fta,1.0,1.0,0.0,36.0,30.0
BWA,2017,True,3.0,3_fta,1.0,1.0,0.0,36.0,30.0
CMR,1950,False,,,,,,0.0,0.0
CMR,1951,False,,,,,,0.0,0.0
CMR,1952,False,,,,,,0.0,0.0
CMR,1953,False,,,,,,0.0,0.0
CMR,1954,False,,,,,,0.0,0.0
CMR,1955,False,,,,,,0.0,0.0
CMR,1956,False,,,,,,0.0,0.0
CMR,1957,False,,,,,,0.0,0.0
CMR,1958,False,,,,,,0.0,0.0
CMR,1959,False,,,,,,0.0,0.0
CMR,1960,True,0.0,0_none,0.0,0.0,0.0,29.0,0.0
CMR,1961,True,0.0,0_none,0.0,0.0,0.0,29.0,0.0
CMR,1962,True,0.0,0_none,0.0,0.0,0.0,29.0,0.0
CMR,1963,True,0.0,0_none,0.0,0.0,0.0,29.0,0.0
CMR,1964,True,1.0,1_nonreciprocal,0.0,0.0,1.0,30.0,6.0
CMR,1965,True,1.0,1_nonreciprocal,0.0,0.0,1.0,31.0,6.0
CMR,1966,True,1.0,1_nonreciprocal,0.0,0.0,1.0,31.0,6.0
CMR,1967,True,1.0,1_nonreciprocal,0.0,0.0,1.0,31.0,6.0
CMR,1968,True,1.0,1_nonreciprocal,0.0,0.0,1.0,31.0,6.0
CMR,1969,True,1.0,1_nonreciprocal,0.0,0.0,1.0,31.0,6.0
CMR,1970,True,1.0,1_nonreciprocal,0.0,0.0,1.0,31.0,6.0
CMR,1971,True,1.0,1_nonreciprocal,0.0,0.0,1.0,31.0,6.0
CMR,1972,True,1.0,1_nonreciprocal,0.0,0.0,1.0,31.0,15.0
CMR,1973,True,1.0,1_nonreciprocal,0.0,0.0,1.0,31.0,16.0
CMR,1974,True,1.0,1_nonreciprocal,0.0,0.0,1.0,31.0,18.0
CMR,1975,True,1.0,1_nonreciprocal,0.0,0.0,1.0,31.0,18.0
CMR,1976,True,1.0,1_nonreciprocal,0.0,0.0,1.0,31.0,19.0
CMR,1977,True,1.0,1_nonreciprocal,0.0,0.0,1.0,31.0,19.0
CMR,1978,True,1.0,1_nonreciprocal,0.0,0.0,1.0,31.0,19.0
CMR,1979,True,1.0,1_nonreciprocal,0.0,0.0,1.0,31.0,19.0
CMR,1980,True,1.0,1_nonreciprocal,0.0,0.0,1.0,31.0,19.0
CMR,1981,True,1.0,1_nonreciprocal,0.0,0.0,1.0,31.0,20.0
CMR,1982,True,1.0,1_nonreciprocal,0.0,0.0,1.0,31.0,20.0
CMR,1983,True,1.0,1_nonreciprocal,0.0,0.0,1.0,31.0,20.0
CMR,1984,True,1.0,1_nonreciprocal,0.0,0.0,1.0,31.0,20.0
CMR,1985,True,1.0,1_nonreciprocal,0.0,0.0,1.0,31.0,20.0
CMR,1986,True,1.0,1_nonreciprocal,0.0,0.0,1.0,31.0,22.0
CMR,1987,True,1.0,1_nonreciprocal,0.0,0.0,1.0,31.0,22.0
CMR,1988,True,1.0,1_nonreciprocal,0.0,0.0,1.0,31.0,22.0
CMR,1989,True,1.0,1_nonreciprocal,0.0,0.0,1.0,31.0,22.0
CMR,1990,True,1.0,1_nonreciprocal,0.0,0.0,1.0,31.0,22.0
CMR,1991,True,1.0,1_nonreciprocal,0.0,0.0,1.0,34.0,22.0
CMR,1992,True,1.0,1_nonreciprocal,0.0,0.0,1.0,34.0,22.0
CMR,1993,True,1.0,1_nonreciprocal,0.0,0.0,1.0,36.0,23.0
CMR,1994,True,1.0,1_nonreciprocal,0.0,0.0,1.0,36.0,23.0
CMR,1995,True,1.0,1_nonreciprocal,0.0,0.0,1.0,36.0,23.0
CMR,1996,True,1.0,1_nonreciprocal,0.0,0.0,1.0,36.0,23.0
CMR,1997,True,1.0,1_nonreciprocal,0.0,0.0,1.0,36.0,23.0
CMR,1998,True,1.0,1_nonreciprocal,0.0,0.0,1.0,36.0,23.0
CMR,1999,True,1.0,1_nonreciprocal,0.0,0.0,1.0,36.0,23.0
CMR,2000,True,1.0,1_nonreciprocal,0.0,0.0,1.0,36.0,23.0
CMR,2001,True,1.0,1_nonreciprocal,0.0,0.0,1.0,36.0,23.0
CMR,2002,True,1.0,1_nonreciprocal,0.0,0.0,1.0,36.0,23.0
CMR,2003,True,1.0,1_nonreciprocal,0.0,0.0,1.0,36.0,23.0
CMR,2004,True,1.0,1_nonreciprocal,0.0,0.0,1.0,36.0,30.0
CMR,2005,True,1.0,1_nonreciprocal,0.0,0.0,1.0,36.0,30.0
CMR,2006,True,1.0,1_nonreciprocal,0.0,0.0,1.0,36.0,30.0
CMR,2007,True,1.0,1_nonreciprocal,0.0,0.0,1.0,36.0,30.0
CMR,2008,True,1.0,1_nonreciprocal,0.0,0.0,1.0,36.0,30.0
CMR,2009,True,2.0,2_reciprocal_pta,1.0,0.0,0.0,36.0,30.0
CMR,2010,True,2.0,2_reciprocal_pta,1.0,0.0,0.0,36.0,30.0
CMR,2011,True,2.0,2_reciprocal_pta,1.0,0.0,0.0,36.0,30.0
CMR,2012,True,2.0,2_reciprocal_pta,1.0,0.0,0.0,36.0,30.0
CMR,2013,True,2.0,2_reciprocal_pta,1.0,0.0,0.0,36.0,30.0
CMR,2014,True,2.0,2_reciprocal_pta,1.0,0.0,0.0,36.0,30.0
CMR,2015,True,2.0,2_reciprocal_pta,1.0,0.0,0.0,36.0,30.0
CMR,2016,True,2.0,2_reciprocal_pta,1.0,0.0,0.0,36.0,30.0
CMR,2017,True,2.0,2_reciprocal_pta,1.0,0.0,0.0,36.0,30.0
DZA,1950,False,,,,,,0.0,0.0
DZA,1951,False,,,,,,0.0,0.0
DZA,1952,False,,,,,,0.0,0.0
DZA,1953,False,,,,,,0.0,0.0
DZA,1954,False,,,,,,0.0,0.0
DZA,1955,False,,,,,,0.0,0.0
DZA,1956,False,,,,,,0.0,0.0
DZA,1957,False,,,,,,0.0,0.0
DZA,1958,False,,,,,,0.0,0.0
DZA,1959,False,,,,,,0.0,0.0
DZA,1960,False,,,,,,0.0,0.0
DZA,1961,False,,,,,,0.0,0.0
DZA,1962,True,0.0,0_none,0.0,0.0,0.0,29.0,0.0
DZA,1963,True,0.0,0_none,0.0,0.0,0.0,29.0,0.0
DZA,1964,True,0.0,0_none,0.0,0.0,0.0,30.0,0.0
DZA,1965,True,0.0,0_none,0.0,0.0,0.0,31.0,0.0
DZA,1966,True,0.0,0_none,0.0,0.0,0.0,31.0,0.0
DZA,1967,True,0.0,0_none,0.0,0.0,0.0,31.0,0.0
DZA,1968,True,0.0,0_none,0.0,0.0,0.0,31.0,0.0
DZA,1969,True,0.0,0_none,0.0,0.0,0.0,31.0,0.0
DZA,1970,True,0.0,0_none,0.0,0.0,0.0,31.0,0.0
DZA,1971,True,1.0,1_nonreciprocal,0.0,0.0,1.0,31.0,1.0
DZA,1972,True,1.0,1_nonreciprocal,0.0,0.0,1.0,31.0,15.0
DZA,1973,True,1.0,1_nonreciprocal,0.0,0.0,1.0,31.0,16.0
DZA,1974,True,1.0,1_nonreciprocal,0.0,0.0,1.0,31.0,18.0
DZA,1975,True,1.0,1_nonreciprocal,0.0,0.0,1.0,31.0,18.0
DZA,1976,True,2.0,2_reciprocal_pta,1.0,0.0,0.0,31.0,18.0
DZA,1977,True,2.0,2_reciprocal_pta,1.0,0.0,0.0,31.0,18.0
DZA,1978,True,2.0,2_reciprocal_pta,1.0,0.0,0.0,31.0,18.0
DZA,1979,True,2.0,2_reciprocal_pta,1.0,0.0,0.0,31.0,18.0
DZA,1980,True,2.0,2_reciprocal_pta,1.0,0.0,0.0,31.0,18.0
DZA,1981,True,2.0,2_reciprocal_pta,1.0,0.0,0.0,31.0,19.0
DZA,1982,True,2.0,2_reciprocal_pta,1.0,0.0,0.0,31.0,19.0
DZA,1983,True,2.0,2_reciprocal_pta,1.0,0.0,0.0,31.0,19.0
DZA,1984,True,2.0,2_reciprocal_pta,1.0,0.0,0.0,31.0,19.0
DZA,1985,True,2.0,2_reciprocal_pta,1.0,0.0,0.0,31.0,19.0
DZA,1986,True,2.0,2_reciprocal_pta,1.0,0.0,0.0,31.0,21.0
DZA,1987,True,2.0,2_reciprocal_pta,1.0,0.0,0.0,31.0,21.0
DZA,1988,True,2.0,2_reciprocal_pta,1.0,0.0,0.0,31.0,21.0
DZA,1989,True,2.0,2_reciprocal_pta,1.0,0.0,0.0,31.0,21.0
DZA,1990,True,2.0,2_reciprocal_pta,1.0,0.0,0.0,31.0,21.0
DZA,1991,True,2.0,2_reciprocal_pta,1.0,0.0,0.0,34.0,21.0
DZA,1992,True,2.0,2_reciprocal_pta,1.0,0.0,0.0,34.0,21.0
DZA,1993,True,2.0,2_reciprocal_pta,1.0,0.0,0.0,36.0,22.0
DZA,1994,True,2.0,2_reciprocal_pta,1.0,0.0,0.0,36.0,22.0
DZA,1995,True,2.0,2_reciprocal_pta,1.0,0.0,0.0,36.0,22.0
DZA,1996,True,2.0,2_reciprocal_pta,1.0,0.0,0.0,36.0,22.0
DZA,1997,True,2.0,2_reciprocal_pta,1.0,0.0,0.0,36.0,22.0
DZA,1998,True,2.0,2_reciprocal_pta,1.0,0.0,0.0,36.0,22.0
DZA,1999,True,2.0,2_reciprocal_pta,1.0,0.0,0.0,36.0,22.0
DZA,2000,True,2.0,2_reciprocal_pta,1.0,0.0,0.0,36.0,22.0
DZA,2001,True,2.0,2_reciprocal_pta,1.0,0.0,0.0,36.0,22.0
DZA,2002,True,2.0,2_reciprocal_pta,1.0,0.0,0.0,36.0,22.0
DZA,2003,True,2.0,2_reciprocal_pta,1.0,0.0,0.0,36.0,23.0
DZA,2004,True,2.0,2_reciprocal_pta,1.0,0.0,0.0,36.0,29.0
DZA,2005,True,3.0,3_fta,1.0,1.0,0.0,36.0,30.0
DZA,2006,True,3.0,3_fta,1.0,1.0,0.0,36.0,30.0
DZA,2007,True,3.0,3_fta,1.0,1.0,0.0,36.0,30.0
DZA,2008,True,3.0,3_fta,1.0,1.0,0.0,36.0,30.0
DZA,2009,True,3.0,3_fta,1.0,1.0,0.0,36.0,30.0
DZA,2010,True,3.0,3_fta,1.0,1.0,0.0,36.0,30.0
DZA,2011,True,3.0,3_fta,1.0,1.0,0.0,36.0,30.0
DZA,2012,True,3.0,3_fta,1.0,1.0,0.0,36.0,30.0
DZA,2013,True,3.0,3_fta,1.0,1.0,0.0,36.0,30.0
DZA,2014,True,3.0,3_fta,1.0,1.0,0.0,36.0,30.0
DZA,2015,True,3.0,3_fta,1.0,1.0,0.0,36.0,29.0
DZA,2016,True,3.0,3_fta,1.0,1.0,0.0,36.0,29.0
DZA,2017,True,3.0,3_fta,1.0,1.0,0.0,36.0,29.0
EGY,1950,True,1.0,1_nonreciprocal,0.0,0.0,1.0,28.0,1.0
EGY,1951,True,1.0,1_nonreciprocal,0.0,0.0,1.0,28.0,1.0
EGY,1952,True,1.0,1_nonreciprocal,0.0,0.0,1.0,28.0,1.0
EGY,1953,True,1.0,1_nonreciprocal,0.0,0.0,1.0,28.0,1.0
EGY,1954,True,1.0,1_nonreciprocal,0.0,0.0,1.0,28.0,1.0
EGY,1955,True,1.0,1_nonreciprocal,0.0,0.0,1.0,28.0,1.0
EGY,1956,True,1.0,1_nonreciprocal,0.0,0.0,1.0,28.0,1.0
EGY,1957,True,1.0,1_nonreciprocal,0.0,0.0,1.0,28.0,1.0
EGY,1958,True,1.0,1_nonreciprocal,0.0,0.0,1.0,28.0,1.0
EGY,1959,True,1.0,1_nonreciprocal,0.0,0.0,1.0,28.0,1.0
EGY,1960,True,1.0,1_nonreciprocal,0.0,0.0,1.0,29.0,1.0
EGY,1961,True,1.0,1_nonreciprocal,0.0,0.0,1.0,29.0,1.0
EGY,1962,True,1.0,1_nonreciprocal,0.0,0.0,1.0,29.0,1.0
EGY,1963,True,1.0,1_nonreciprocal,0.0,0.0,1.0,29.0,1.0
EGY,1964,True,1.0,1_nonreciprocal,0.0,0.0,1.0,30.0,1.0
EGY,1965,True,1.0,1_nonreciprocal,0.0,0.0,1.0,31.0,1.0
EGY,1966,True,1.0,1_nonreciprocal,0.0,0.0,1.0,31.0,1.0
EGY,1967,True,1.0,1_nonreciprocal,0.0,0.0,1.0,31.0,1.0
EGY,1968,True,1.0,1_nonreciprocal,0.0,0.0,1.0,31.0,1.0
EGY,1969,True,1.0,1_nonreciprocal,0.0,0.0,1.0,31.0,1.0
EGY,1970,True,1.0,1_nonreciprocal,0.0,0.0,1.0,31.0,1.0
EGY,1971,True,1.0,1_nonreciprocal,0.0,0.0,1.0,31.0,1.0
EGY,1972,True,1.0,1_nonreciprocal,0.0,0.0,1.0,31.0,14.0
EGY,1973,True,1.0,1_nonreciprocal,0.0,0.0,1.0,31.0,15.0
EGY,1974,True,1.0,1_nonreciprocal,0.0,0.0,1.0,31.0,18.0
EGY,1975,True,1.0,1_nonreciprocal,0.0,0.0,1.0,31.0,18.0
EGY,1976,True,1.0,1_nonreciprocal,0.0,0.0,1.0,31.0,19.0
EGY,1977,True,1.0,1_nonreciprocal,0.0,0.0,1.0,31.0,19.0
EGY,1978,True,2.0,2_reciprocal_pta,1.0,0.0,0.0,31.0,19.0
EGY,1979,True,2.0,2_reciprocal_pta,1.0,0.0,0.0,31.0,19.0
EGY,1980,True,2.0,2_reciprocal_pta,1.0,0.0,0.0,31.0,19.0
EGY,1981,True,2.0,2_reciprocal_pta,1.0,0.0,0.0,31.0,20.0
EGY,1982,True,2.0,2_reciprocal_pta,1.0,0.0,0.0,31.0,20.0
EGY,1983,True,2.0,2_reciprocal_pta,1.0,0.0,0.0,31.0,20.0
EGY,1984,True,2.0,2_reciprocal_pta,1.0,0.0,0.0,31.0,20.0
EGY,1985,True,2.0,2_reciprocal_pta,1.0,0.0,0.0,31.0,20.0
EGY,1986,True,2.0,2_reciprocal_pta,1.0,0.0,0.0,31.0,22.0
EGY,1987,True,2.0,2_reciprocal_pta,1.0,0.0,0.0,31.0,22.0
EGY,1988,True,2.0,2_reciprocal_pta,1.0,0.0,0.0,31.0,22.0
EGY,1989,True,2.0,2_reciprocal_pta,1.0,0.0,0.0,31.0,22.0
EGY,1990,True,2.0,2_reciprocal_pta,1.0,0.0,0.0,31.0,22.0
EGY,1991,True,2.0,2_reciprocal_pta,1.0,0.0,0.0,34.0,22.0
EGY,1992,True,2.0,2_reciprocal_pta,1.0,0.0,0.0,34.0,22.0
EGY,1993,True,2.0,2_reciprocal_pta,1.0,0.0,0.0,36.0,23.0
EGY,1994,True,2.0,2_reciprocal_pta,1.0,0.0,0.0,36.0,23.0
EGY,1995,True,2.0,2_reciprocal_pta,1.0,0.0,0.0,36.0,23.0
EGY,1996,True,2.0,2_reciprocal_pta,1.0,0.0,0.0,36.0,23.0
EGY,1997,True,2.0,2_reciprocal_pta,1.0,0.0,0.0,36.0,23.0
EGY,1998,True,2.0,2_reciprocal_pta,1.0,0.0,0.0,36.0,23.0
EGY,1999,True,2.0,2_reciprocal_pta,1.0,0.0,0.0,36.0,23.0
EGY,2000,True,2.0,2_reciprocal_pta,1.0,0.0,0.0,36.0,23.0
EGY,2001,True,2.0,2_reciprocal_pta,1.0,0.0,0.0,36.0,23.0
EGY,2002,True,2.0,2_reciprocal_pta,1.0,0.0,0.0,36.0,23.0
EGY,2003,True,2.0,2_reciprocal_pta,1.0,0.0,0.0,36.0,24.0
EGY,2004,True,3.0,3_fta,1.0,1.0,0.0,36.0,30.0
EGY,2005,True,3.0,3_fta,1.0,1.0,0.0,36.0,30.0
EGY,2006,True,3.0,3_fta,1.0,1.0,0.0,36.0,30.0
EGY,2007,True,3.0,3_fta,1.0,1.0,0.0,36.0,30.0
EGY,2008,True,3.0,3_fta,1.0,1.0,0.0,36.0,31.0
EGY,2009,True,3.0,3_fta,1.0,1.0,0.0,36.0,31.0
EGY,2010,True,3.0,3_fta,1.0,1.0,0.0,36.0,31.0
EGY,2011,True,3.0,3_fta,1.0,1.0,0.0,36.0,31.0
EGY,2012,True,3.0,3_fta,1.0,1.0,0.0,36.0,31.0
EGY,2013,True,3.0,3_fta,1.0,1.0,0.0,36.0,31.0
EGY,2014,True,3.0,3_fta,1.0,1.0,0.0,36.0,31.0
EGY,2015,True,3.0,3_fta,1.0,1.0,0.0,36.0,31.0
EGY,2016,True,3.0,3_fta,1.0,1.0,0.0,36.0,31.0
EGY,2017,True,3.0,3_fta,1.0,1.0,0.0,36.0,31.0
ETH,1950,True,0.0,0_none,0.0,0.0,0.0,28.0,0.0
ETH,1951,True,0.0,0_none,0.0,0.0,0.0,28.0,0.0
ETH,1952,True,0.0,0_none,0.0,0.0,0.0,28.0,0.0
ETH,1953,True,0.0,0_none,0.0,0.0,0.0,28.0,0.0
ETH,1954,True,0.0,0_none,0.0,0.0,0.0,28.0,0.0
ETH,1955,True,0.0,0_none,0.0,0.0,0.0,28.0,0.0
ETH,1956,True,0.0,0_none,0.0,0.0,0.0,28.0,0.0
ETH,1957,True,0.0,0_none,0.0,0.0,0.0,28.0,0.0
ETH,1958,True,0.0,0_none,0.0,0.0,0.0,28.0,0.0
ETH,1959,True,0.0,0_none,0.0,0.0,0.0,28.0,0.0
ETH,1960,True,0.0,0_none,0.0,0.0,0.0,29.0,0.0
ETH,1961,True,0.0,0_none,0.0,0.0,0.0,29.0,0.0
ETH,1962,True,0.0,0_none,0.0,0.0,0.0,29.0,0.0
ETH,1963,True,0.0,0_none,0.0,0.0,0.0,29.0,0.0
ETH,1964,True,0.0,0_none,0.0,0.0,0.0,30.0,0.0
ETH,1965,True,0.0,0_none,0.0,0.0,0.0,31.0,0.0
ETH,1966,True,0.0,0_none,0.0,0.0,0.0,31.0,0.0
ETH,1967,True,0.0,0_none,0.0,0.0,0.0,31.0,0.0
ETH,1968,True,0.0,0_none,0.0,0.0,0.0,31.0,0.0
ETH,1969,True,0.0,0_none,0.0,0.0,0.0,31.0,0.0
ETH,1970,True,0.0,0_none,0.0,0.0,0.0,31.0,0.0
ETH,1971,True,0.0,0_none,0.0,0.0,0.0,31.0,0.0
ETH,1972,True,1.0,1_nonreciprocal,0.0,0.0,1.0,31.0,15.0
ETH,1973,True,1.0,1_nonreciprocal,0.0,0.0,1.0,31.0,16.0
ETH,1974,True,1.0,1_nonreciprocal,0.0,0.0,1.0,31.0,18.0
ETH,1975,True,1.0,1_nonreciprocal,0.0,0.0,1.0,31.0,18.0
ETH,1976,True,1.0,1_nonreciprocal,0.0,0.0,1.0,31.0,19.0
ETH,1977,True,1.0,1_nonreciprocal,0.0,0.0,1.0,31.0,19.0
ETH,1978,True,1.0,1_nonreciprocal,0.0,0.0,1.0,31.0,19.0
ETH,1979,True,1.0,1_nonreciprocal,0.0,0.0,1.0,31.0,19.0
ETH,1980,True,1.0,1_nonreciprocal,0.0,0.0,1.0,31.0,19.0
ETH,1981,True,1.0,1_nonreciprocal,0.0,0.0,1.0,31.0,20.0
ETH,1982,True,1.0,1_nonreciprocal,0.0,0.0,1.0,31.0,20.0
ETH,1983,True,1.0,1_nonreciprocal,0.0,0.0,1.0,31.0,20.0
ETH,1984,True,1.0,1_nonreciprocal,0.0,0.0,1.0,31.0,20.0
ETH,1985,True,1.0,1_nonreciprocal,0.0,0.0,1.0,31.0,20.0
ETH,1986,True,1.0,1_nonreciprocal,0.0,0.0,1.0,31.0,22.0
ETH,1987,True,1.0,1_nonreciprocal,0.0,0.0,1.0,31.0,22.0
ETH,1988,True,1.0,1_nonreciprocal,0.0,0.0,1.0,31.0,22.0
ETH,1989,True,1.0,1_nonreciprocal,0.0,0.0,1.0,31.0,22.0
ETH,1990,True,1.0,1_nonreciprocal,0.0,0.0,1.0,31.0,22.0
ETH,1991,True,1.0,1_nonreciprocal,0.0,0.0,1.0,34.0,22.0
ETH,1992,True,1.0,1_nonreciprocal,0.0,0.0,1.0,34.0,22.0
ETH,1993,True,1.0,1_nonreciprocal,0.0,0.0,1.0,36.0,23.0
ETH,1994,True,1.0,1_nonreciprocal,0.0,0.0,1.0,36.0,23.0
ETH,1995,True,1.0,1_nonreciprocal,0.0,0.0,1.0,36.0,23.0
ETH,1996,True,1.0,1_nonreciprocal,0.0,0.0,1.0,36.0,23.0
ETH,1997,True,1.0,1_nonreciprocal,0.0,0.0,1.0,36.0,23.0
ETH,1998,True,1.0,1_nonreciprocal,0.0,0.0,1.0,36.0,23.0
ETH,1999,True,1.0,1_nonreciprocal,0.0,0.0,1.0,36.0,23.0
ETH,2000,True,1.0,1_nonreciprocal,0.0,0.0,1.0,36.0,24.0
ETH,2001,True,1.0,1_nonreciprocal,0.0,0.0,1.0,36.0,24.0
ETH,2002,True,1.0,1_nonreciprocal,0.0,0.0,1.0,36.0,24.0
ETH,2003,True,1.0,1_nonreciprocal,0.0,0.0,1.0,36.0,25.0
ETH,2004,True,1.0,1_nonreciprocal,0.0,0.0,1.0,36.0,32.0
ETH,2005,True,1.0,1_nonreciprocal,0.0,0.0,1.0,36.0,32.0
ETH,2006,True,1.0,1_nonreciprocal,0.0,0.0,1.0,36.0,32.0
ETH,2007,True,1.0,1_nonreciprocal,0.0,0.0,1.0,36.0,32.0
ETH,2008,True,1.0,1_nonreciprocal,0.0,0.0,1.0,36.0,32.0
ETH,2009,True,1.0,1_nonreciprocal,0.0,0.0,1.0,36.0,32.0
ETH,2010,True,1.0,1_nonreciprocal,0.0,0.0,1.0,36.0,32.0
ETH,2011,True,1.0,1_nonreciprocal,0.0,0.0,1.0,36.0,32.0
ETH,2012,True,1.0,1_nonreciprocal,0.0,0.0,1.0,36.0,32.0
ETH,2013,True,1.0,1_nonreciprocal,0.0,0.0,1.0,36.0,32.0
ETH,2014,True,1.0,1_nonreciprocal,0.0,0.0,1.0,36.0,32.0
ETH,2015,True,1.0,1_nonreciprocal,0.0,0.0,1.0,36.0,32.0
ETH,2016,True,1.0,1_nonreciprocal,0.0,0.0,1.0,36.0,32.0
ETH,2017,True,1.0,1_nonreciprocal,0.0,0.0,1.0,36.0,32.0
GHA,1950,False,,,,,,0.0,0.0
GHA,1951,False,,,,,,0.0,0.0
GHA,1952,False,,,,,,0.0,0.0
GHA,1953,False,,,,,,0.0,0.0
GHA,1954,False,,,,,,0.0,0.0
GHA,1955,False,,,,,,0.0,0.0
GHA,1956,False,,,,,,0.0,0.0
GHA,1957,True,1.0,1_nonreciprocal,0.0,0.0,1.0,28.0,1.0
GHA,1958,True,1.0,1_nonreciprocal,0.0,0.0,1.0,28.0,1.0
GHA,1959,True,1.0,1_nonreciprocal,0.0,0.0,1.0,28.0,1.0
GHA,1960,True,1.0,1_nonreciprocal,0.0,0.0,1.0,29.0,1.0
GHA,1961,True,1.0,1_nonreciprocal,0.0,0.0,1.0,29.0,1.0
GHA,1962,True,1.0,1_nonreciprocal,0.0,0.0,1.0,29.0,1.0
GHA,1963,True,1.0,1_nonreciprocal,0.0,0.0,1.0,29.0,1.0
GHA,1964,True,1.0,1_nonreciprocal,0.0,0.0,1.0,30.0,1.0
GHA,1965,True,1.0,1_nonreciprocal,0.0,0.0,1.0,31.0,1.0
GHA,1966,True,1.0,1_nonreciprocal,0.0,0.0,1.0,31.0,1.0
GHA,1967,True,1.0,1_nonreciprocal,0.0,0.0,1.0,31.0,1.0
GHA,1968,True,1.0,1_nonreciprocal,0.0,0.0,1.0,31.0,1.0
GHA,1969,True,1.0,1_nonreciprocal,0.0,0.0,1.0,31.0,1.0
GHA,1970,True,1.0,1_nonreciprocal,0.0,0.0,1.0,31.0,1.0
GHA,1971,True,1.0,1_nonreciprocal,0.0,0.0,1.0,31.0,1.0
GHA,1972,True,1.0,1_nonreciprocal,0.0,0.0,1.0,31.0,15.0
GHA,1973,True,1.0,1_nonreciprocal,0.0,0.0,1.0,31.0,16.0
GHA,1974,True,1.0,1_nonreciprocal,0.0,0.0,1.0,31.0,18.0
GHA,1975,True,1.0,1_nonreciprocal,0.0,0.0,1.0,31.0,18.0
GHA,1976,True,1.0,1_nonreciprocal,0.0,0.0,1.0,31.0,19.0
GHA,1977,True,1.0,1_nonreciprocal,0.0,0.0,1.0,31.0,19.0
GHA,1978,True,1.0,1_nonreciprocal,0.0,0.0,1.0,31.0,19.0
GHA,1979,True,1.0,1_nonreciprocal,0.0,0.0,1.0,31.0,19.0
GHA,1980,True,1.0,1_nonreciprocal,0.0,0.0,1.0,31.0,19.0
GHA,1981,True,1.0,1_nonreciprocal,0.0,0.0,1.0,31.0,20.0
GHA,1982,True,1.0,1_nonreciprocal,0.0,0.0,1.0,31.0,20.0
GHA,1983,True,1.0,1_nonreciprocal,0.0,0.0,1.0,31.0,20.0
GHA,1984,True,1.0,1_nonreciprocal,0.0,0.0,1.0,31.0,20.0
GHA,1985,True,1.0,1_nonreciprocal,0.0,0.0,1.0,31.0,20.0
GHA,1986,True,1.0,1_nonreciprocal,0.0,0.0,1.0,31.0,22.0
GHA,1987,True,1.0,1_nonreciprocal,0.0,0.0,1.0,31.0,22.0
GHA,1988,True,1.0,1_nonreciprocal,0.0,0.0,1.0,31.0,22.0
GHA,1989,True,1.0,1_nonreciprocal,0.0,0.0,1.0,31.0,22.0
GHA,1990,True,1.0,1_nonreciprocal,0.0,0.0,1.0,31.0,22.0
GHA,1991,True,1.0,1_nonreciprocal,0.0,0.0,1.0,34.0,22.0
GHA,1992,True,1.0,1_nonreciprocal,0.0,0.0,1.0,34.0,22.0
GHA,1993,True,1.0,1_nonreciprocal,0.0,0.0,1.0,36.0,23.0
GHA,1994,True,1.0,1_nonreciprocal,0.0,0.0,1.0,36.0,23.0
GHA,1995,True,1.0,1_nonreciprocal,0.0,0.0,1.0,36.0,23.0
GHA,1996,True,1.0,1_nonreciprocal,0.0,0.0,1.0,36.0,23.0
GHA,1997,True,1.0,1_nonreciprocal,0.0,0.0,1.0,36.0,23.0
GHA,1998,True,1.0,1_nonreciprocal,0.0,0.0,1.0,36.0,23.0
GHA,1999,True,1.0,1_nonreciprocal,0.0,0.0,1.0,36.0,23.0
GHA,2000,True,1.0,1_nonreciprocal,0.0,0.0,1.0,36.0,23.0
GHA,2001,True,1.0,1_nonreciprocal,0.0,0.0,1.0,36.0,23.0
GHA,2002,True,1.0,1_nonreciprocal,0.0,0.0,1.0,36.0,23.0
GHA,2003,True,1.0,1_nonreciprocal,0.0,0.0,1.0,36.0,23.0
GHA,2004,True,1.0,1_nonreciprocal,0.0,0.0,1.0,36.0,30.0
GHA,2005,True,1.0,1_nonreciprocal,0.0,0.0,1.0,36.0,30.0
GHA,2006,True,1.0,1_nonreciprocal,0.0,0.0,1.0,36.0,30.0
GHA,2007,True,1.0,1_nonreciprocal,0.0,0.0,1.0,36.0,30.0
GHA,2008,True,1.0,1_nonreciprocal,0.0,0.0,1.0,36.0,30.0
GHA,2009,True,2.0,2_reciprocal_pta,1.0,0.0,0.0,36.0,30.0
GHA,2010,True,2.0,2_reciprocal_pta,1.0,0.0,0.0,36.0,30.0
GHA,2011,True,2.0,2_reciprocal_pta,1.0,0.0,0.0,36.0,30.0
GHA,2012,True,2.0,2_reciprocal_pta,1.0,0.0,0.0,36.0,30.0
GHA,2013,True,2.0,2_reciprocal_pta,1.0,0.0,0.0,36.0,30.0
GHA,2014,True,2.0,2_reciprocal_pta,1.0,0.0,0.0,36.0,30.0
GHA,2015,True,2.0,2_reciprocal_pta,1.0,0.0,0.0,36.0,30.0
GHA,2016,True,2.0,2_reciprocal_pta,1.0,0.0,0.0,36.0,30.0
GHA,2017,True,2.0,2_reciprocal_pta,1.0,0.0,0.0,36.0,30.0
KEN,1950,False,,,,,,0.0,0.0
KEN,1951,False,,,,,,0.0,0.0
KEN,1952,False,,,,,,0.0,0.0
KEN,1953,False,,,,,,0.0,0.0
KEN,1954,False,,,,,,0.0,0.0
KEN,1955,False,,,,,,0.0,0.0
KEN,1956,False,,,,,,0.0,0.0
KEN,1957,False,,,,,,0.0,0.0
KEN,1958,False,,,,,,0.0,0.0
KEN,1959,False,,,,,,0.0,0.0
KEN,1960,False,,,,,,0.0,0.0
KEN,1961,False,,,,,,0.0,0.0
KEN,1962,False,,,,,,0.0,0.0
KEN,1963,True,1.0,1_nonreciprocal,0.0,0.0,1.0,29.0,1.0
KEN,1964,True,1.0,1_nonreciprocal,0.0,0.0,1.0,30.0,1.0
KEN,1965,True,1.0,1_nonreciprocal,0.0,0.0,1.0,31.0,1.0
KEN,1966,True,1.0,1_nonreciprocal,0.0,0.0,1.0,31.0,1.0
KEN,1967,True,1.0,1_nonreciprocal,0.0,0.0,1.0,31.0,1.0
KEN,1968,True,1.0,1_nonreciprocal,0.0,0.0,1.0,31.0,1.0
KEN,1969,True,1.0,1_nonreciprocal,0.0,0.0,1.0,31.0,1.0
KEN,1970,True,1.0,1_nonreciprocal,0.0,0.0,1.0,31.0,1.0
KEN,1971,True,1.0,1_nonreciprocal,0.0,0.0,1.0,31.0,1.0
KEN,1972,True,1.0,1_nonreciprocal,0.0,0.0,1.0,31.0,15.0
KEN,1973,True,1.0,1_nonreciprocal,0.0,0.0,1.0,31.0,16.0
KEN,1974,True,1.0,1_nonreciprocal,0.0,0.0,1.0,31.0,18.0
KEN,1975,True,1.0,1_nonreciprocal,0.0,0.0,1.0,31.0,18.0
KEN,1976,True,1.0,1_nonreciprocal,0.0,0.0,1.0,31.0,19.0
KEN,1977,True,1.0,1_nonreciprocal,0.0,0.0,1.0,31.0,19.0
KEN,1978,True,1.0,1_nonreciprocal,0.0,0.0,1.0,31.0,19.0
KEN,1979,True,1.0,1_nonreciprocal,0.0,0.0,1.0,31.0,19.0
KEN,1980,True,1.0,1_nonreciprocal,0.0,0.0,1.0,31.0,19.0
KEN,1981,True,1.0,1_nonreciprocal,0.0,0.0,1.0,31.0,20.0
KEN,1982,True,1.0,1_nonreciprocal,0.0,0.0,1.0,31.0,20.0
KEN,1983,True,1.0,1_nonreciprocal,0.0,0.0,1.0,31.0,20.0
KEN,1984,True,1.0,1_nonreciprocal,0.0,0.0,1.0,31.0,20.0
KEN,1985,True,1.0,1_nonreciprocal,0.0,0.0,1.0,31.0,20.0
KEN,1986,True,1.0,1_nonreciprocal,0.0,0.0,1.0,31.0,22.0
KEN,1987,True,1.0,1_nonreciprocal,0.0,0.0,1.0,31.0,22.0
KEN,1988,True,1.0,1_nonreciprocal,0.0,0.0,1.0,31.0,22.0
KEN,1989,True,1.0,1_nonreciprocal,0.0,0.0,1.0,31.0,22.0
KEN,1990,True,1.0,1_nonreciprocal,0.0,0.0,1.0,31.0,22.0
KEN,1991,True,1.0,1_nonreciprocal,0.0,0.0,1.0,34.0,22.0
KEN,1992,True,1.0,1_nonreciprocal,0.0,0.0,1.0,34.0,22.0
KEN,1993,True,1.0,1_nonreciprocal,0.0,0.0,1.0,36.0,23.0
KEN,1994,True,1.0,1_nonreciprocal,0.0,0.0,1.0,36.0,23.0
KEN,1995,True,1.0,1_nonreciprocal,0.0,0.0,1.0,36.0,23.0
KEN,1996,True,1.0,1_nonreciprocal,0.0,0.0,1.0,36.0,23.0
KEN,1997,True,1.0,1_nonreciprocal,0.0,0.0,1.0,36.0,23.0
KEN,1998,True,1.0,1_nonreciprocal,0.0,0.0,1.0,36.0,23.0
KEN,1999,True,1.0,1_nonreciprocal,0.0,0.0,1.0,36.0,23.0
KEN,2000,True,1.0,1_nonreciprocal,0.0,0.0,1.0,36.0,23.0
KEN,2001,True,1.0,1_nonreciprocal,0.0,0.0,1.0,36.0,23.0
KEN,2002,True,1.0,1_nonreciprocal,0.0,0.0,1.0,36.0,23.0
KEN,2003,True,1.0,1_nonreciprocal,0.0,0.0,1.0,36.0,24.0
KEN,2004,True,1.0,1_nonreciprocal,0.0,0.0,1.0,36.0,30.0
KEN,2005,True,1.0,1_nonreciprocal,0.0,0.0,1.0,36.0,30.0
KEN,2006,True,1.0,1_nonreciprocal,0.0,0.0,1.0,36.0,30.0
KEN,2007,True,1.0,1_nonreciprocal,0.0,0.0,1.0,36.0,30.0
KEN,2008,True,1.0,1_nonreciprocal,0.0,0.0,1.0,36.0,30.0
KEN,2009,True,1.0,1_nonreciprocal,0.0,0.0,1.0,36.0,30.0
KEN,2010,True,2.0,2_reciprocal_pta,1.0,0.0,0.0,36.0,30.0
KEN,2011,True,2.0,2_reciprocal_pta,1.0,0.0,0.0,36.0,30.0
KEN,2012,True,2.0,2_reciprocal_pta,1.0,0.0,0.0,36.0,30.0
KEN,2013,True,2.0,2_reciprocal_pta,1.0,0.0,0.0,36.0,30.0
KEN,2014,True,2.0,2_reciprocal_pta,1.0,0.0,0.0,36.0,30.0
KEN,2015,True,2.0,2_reciprocal_pta,1.0,0.0,0.0,36.0,30.0
KEN,2016,True,2.0,2_reciprocal_pta,1.0,0.0,0.0,36.0,30.0
KEN,2017,True,2.0,2_reciprocal_pta,1.0,0.0,0.0,36.0,30.0
LSO,1950,False,,,,,,0.0,0.0
LSO,1951,False,,,,,,0.0,0.0
LSO,1952,False,,,,,,0.0,0.0
LSO,1953,False,,,,,,0.0,0.0
LSO,1954,False,,,,,,0.0,0.0
LSO,1955,False,,,,,,0.0,0.0
LSO,1956,False,,,,,,0.0,0.0
LSO,1957,False,,,,,,0.0,0.0
LSO,1958,False,,,,,,0.0,0.0
LSO,1959,False,,,,,,0.0,0.0
LSO,1960,False,,,,,,0.0,0.0
LSO,1961,False,,,,,,0.0,0.0
LSO,1962,False,,,,,,0.0,0.0
LSO,1963,False,,,,,,0.0,0.0
LSO,1964,False,,,,,,0.0,0.0
LSO,1965,False,,,,,,0.0,0.0
LSO,1966,True,1.0,1_nonreciprocal,0.0,0.0,1.0,31.0,1.0
LSO,1967,True,1.0,1_nonreciprocal,0.0,0.0,1.0,31.0,1.0
LSO,1968,True,1.0,1_nonreciprocal,0.0,0.0,1.0,31.0,1.0
LSO,1969,True,1.0,1_nonreciprocal,0.0,0.0,1.0,31.0,1.0
LSO,1970,True,1.0,1_nonreciprocal,0.0,0.0,1.0,31.0,1.0
LSO,1971,True,1.0,1_nonreciprocal,0.0,0.0,1.0,31.0,1.0
LSO,1972,True,1.0,1_nonreciprocal,0.0,0.0,1.0,31.0,13.0
LSO,1973,True,1.0,1_nonreciprocal,0.0,0.0,1.0,31.0,15.0
LSO,1974,True,1.0,1_nonreciprocal,0.0,0.0,1.0,31.0,17.0
LSO,1975,True,1.0,1_nonreciprocal,0.0,0.0,1.0,31.0,17.0
LSO,1976,True,1.0,1_nonreciprocal,0.0,0.0,1.0,31.0,19.0
LSO,1977,True,1.0,1_nonreciprocal,0.0,0.0,1.0,31.0,19.0
LSO,1978,True,1.0,1_nonreciprocal,0.0,0.0,1.0,31.0,19.0
LSO,1979,True,1.0,1_nonreciprocal,0.0,0.0,1.0,31.0,19.0
LSO,1980,True,1.0,1_nonreciprocal,0.0,0.0,1.0,31.0,19.0
LSO,1981,True,1.0,1_nonreciprocal,0.0,0.0,1.0,31.0,20.0
LSO,1982,True,1.0,1_nonreciprocal,0.0,0.0,1.0,31.0,20.0
LSO,1983,True,1.0,1_nonreciprocal,0.0,0.0,1.0,31.0,20.0
LSO,1984,True,1.0,1_nonreciprocal,0.0,0.0,1.0,31.0,20.0
LSO,1985,True,1.0,1_nonreciprocal,0.0,0.0,1.0,31.0,20.0
LSO,1986,True,1.0,1_nonreciprocal,0.0,0.0,1.0,31.0,22.0
LSO,1987,True,1.0,1_nonreciprocal,0.0,0.0,1.0,31.0,22.0
LSO,1988,True,1.0,1_nonreciprocal,0.0,0.0,1.0,31.0,22.0
LSO,1989,True,1.0,1_nonreciprocal,0.0,0.0,1.0,31.0,22.0
LSO,1990,True,1.0,1_nonreciprocal,0.0,0.0,1.0,31.0,22.0
LSO,1991,True,1.0,1_nonreciprocal,0.0,0.0,1.0,34.0,22.0
LSO,1992,True,1.0,1_nonreciprocal,0.0,0.0,1.0,34.0,22.0
LSO,1993,True,1.0,1_nonreciprocal,0.0,0.0,1.0,36.0,23.0
LSO,1994,True,1.0,1_nonreciprocal,0.0,0.0,1.0,36.0,23.0
LSO,1995,True,1.0,1_nonreciprocal,0.0,0.0,1.0,36.0,23.0
LSO,1996,True,1.0,1_nonreciprocal,0.0,0.0,1.0,36.0,23.0
LSO,1997,True,1.0,1_nonreciprocal,0.0,0.0,1.0,36.0,23.0
LSO,1998,True,1.0,1_nonreciprocal,0.0,0.0,1.0,36.0,23.0
LSO,1999,True,1.0,1_nonreciprocal,0.0,0.0,1.0,36.0,23.0
LSO,2000,True,1.0,1_nonreciprocal,0.0,0.0,1.0,36.0,24.0
LSO,2001,True,1.0,1_nonreciprocal,0.0,0.0,1.0,36.0,24.0
LSO,2002,True,1.0,1_nonreciprocal,0.0,0.0,1.0,36.0,24.0
LSO,2003,True,1.0,1_nonreciprocal,0.0,0.0,1.0,36.0,25.0
LSO,2004,True,1.0,1_nonreciprocal,0.0,0.0,1.0,36.0,32.0
LSO,2005,True,1.0,1_nonreciprocal,0.0,0.0,1.0,36.0,32.0
LSO,2006,True,1.0,1_nonreciprocal,0.0,0.0,1.0,36.0,32.0
LSO,2007,True,1.0,1_nonreciprocal,0.0,0.0,1.0,36.0,32.0
LSO,2008,True,3.0,3_fta,1.0,1.0,0.0,36.0,32.0
LSO,2009,True,3.0,3_fta,1.0,1.0,0.0,36.0,32.0
LSO,2010,True,3.0,3_fta,1.0,1.0,0.0,36.0,32.0
LSO,2011,True,3.0,3_fta,1.0,1.0,0.0,36.0,32.0
LSO,2012,True,3.0,3_fta,1.0,1.0,0.0,36.0,32.0
LSO,2013,True,3.0,3_fta,1.0,1.0,0.0,36.0,32.0
LSO,2014,True,3.0,3_fta,1.0,1.0,0.0,36.0,32.0
LSO,2015,True,3.0,3_fta,1.0,1.0,0.0,36.0,32.0
LSO,2016,True,3.0,3_fta,1.0,1.0,0.0,36.0,32.0
LSO,2017,True,3.0,3_fta,1.0,1.0,0.0,36.0,32.0
MAR,1950,False,,,,,,0.0,0.0
MAR,1951,False,,,,,,0.0,0.0
MAR,1952,False,,,,,,0.0,0.0
MAR,1953,False,,,,,,0.0,0.0
MAR,1954,False,,,,,,0.0,0.0
MAR,1955,False,,,,,,0.0,0.0
MAR,1956,True,0.0,0_none,0.0,0.0,0.0,28.0,0.0
MAR,1957,True,0.0,0_none,0.0,0.0,0.0,28.0,0.0
MAR,1958,True,0.0,0_none,0.0,0.0,0.0,28.0,0.0
MAR,1959,True,0.0,0_none,0.0,0.0,0.0,28.0,0.0
MAR,1960,True,0.0,0_none,0.0,0.0,0.0,29.0,0.0
MAR,1961,True,0.0,0_none,0.0,0.0,0.0,29.0,0.0
MAR,1962,True,0.0,0_none,0.0,0.0,0.0,29.0,0.0
MAR,1963,True,0.0,0_none,0.0,0.0,0.0,29.0,0.0
MAR,1964,True,0.0,0_none,0.0,0.0,0.0,30.0,0.0
MAR,1965,True,0.0,0_none,0.0,0.0,0.0,31.0,0.0
MAR,1966,True,0.0,0_none,0.0,0.0,0.0,31.0,0.0
MAR,1967,True,0.0,0_none,0.0,0.0,0.0,31.0,0.0
MAR,1968,True,0.0,0_none,0.0,0.0,0.0,31.0,0.0
MAR,1969,True,0.0,0_none,0.0,0.0,0.0,31.0,0.0
MAR,1970,True,0.0,0_none,0.0,0.0,0.0,31.0,0.0
MAR,1971,True,0.0,0_none,0.0,0.0,0.0,31.0,0.0
MAR,1972,True,1.0,1_nonreciprocal,0.0,0.0,1.0,31.0,15.0
MAR,1973,True,1.0,1_nonreciprocal,0.0,0.0,1.0,31.0,16.0
MAR,1974,True,1.0,1_nonreciprocal,0.0,0.0,1.0,31.0,18.0
MAR,1975,True,1.0,1_nonreciprocal,0.0,0.0,1.0,31.0,18.0
MAR,1976,True,1.0,1_nonreciprocal,0.0,0.0,1.0,31.0,19.0
MAR,1977,True,1.0,1_nonreciprocal,0.0,0.0,1.0,31.0,19.0
MAR,1978,True,1.0,1_nonreciprocal,0.0,0.0,1.0,31.0,19.0
MAR,1979,True,1.0,1_nonreciprocal,0.0,0.0,1.0,31.0,19.0
MAR,1980,True,1.0,1_nonreciprocal,0.0,0.0,1.0,31.0,19.0
MAR,1981,True,1.0,1_nonreciprocal,0.0,0.0,1.0,31.0,20.0
MAR,1982,True,1.0,1_nonreciprocal,0.0,0.0,1.0,31.0,20.0
MAR,1983,True,1.0,1_nonreciprocal,0.0,0.0,1.0,31.0,20.0
MAR,1984,True,1.0,1_nonreciprocal,0.0,0.0,1.0,31.0,20.0
MAR,1985,True,1.0,1_nonreciprocal,0.0,0.0,1.0,31.0,20.0
MAR,1986,True,1.0,1_nonreciprocal,0.0,0.0,1.0,31.0,22.0
MAR,1987,True,1.0,1_nonreciprocal,0.0,0.0,1.0,31.0,22.0
MAR,1988,True,1.0,1_nonreciprocal,0.0,0.0,1.0,31.0,22.0
MAR,1989,True,1.0,1_nonreciprocal,0.0,0.0,1.0,31.0,22.0
MAR,1990,True,1.0,1_nonreciprocal,0.0,0.0,1.0,31.0,22.0
MAR,1991,True,1.0,1_nonreciprocal,0.0,0.0,1.0,34.0,22.0
MAR,1992,True,1.0,1_nonreciprocal,0.0,0.0,1.0,34.0,22.0
MAR,1993,True,1.0,1_nonreciprocal,0.0,0.0,1.0,36.0,23.0
MAR,1994,True,1.0,1_nonreciprocal,0.0,0.0,1.0,36.0,23.0
MAR,1995,True,1.0,1_nonreciprocal,0.0,0.0,1.0,36.0,23.0
MAR,1996,True,1.0,1_nonreciprocal,0.0,0.0,1.0,36.0,23.0
MAR,1997,True,1.0,1_nonreciprocal,0.0,0.0,1.0,36.0,23.0
MAR,1998,True,1.0,1_nonreciprocal,0.0,0.0,1.0,36.0,23.0
MAR,1999,True,1.0,1_nonreciprocal,0.0,0.0,1.0,36.0,23.0
MAR,2000,True,3.0,3_fta,1.0,1.0,0.0,36.0,24.0
MAR,2001,True,3.0,3_fta,1.0,1.0,0.0,36.0,24.0
MAR,2002,True,3.0,3_fta,1.0,1.0,0.0,36.0,24.0
MAR,2003,True,3.0,3_fta,1.0,1.0,0.0,36.0,25.0
MAR,2004,True,3.0,3_fta,1.0,1.0,0.0,36.0,31.0
MAR,2005,True,3.0,3_fta,1.0,1.0,0.0,36.0,31.0
MAR,2006,True,3.0,3_fta,1.0,1.0,0.0,36.0,31.0
MAR,2007,True,3.0,3_fta,1.0,1.0,0.0,36.0,31.0
MAR,2008,True,3.0,3_fta,1.0,1.0,0.0,36.0,31.0
MAR,2009,True,3.0,3_fta,1.0,1.0,0.0,36.0,31.0
MAR,2010,True,3.0,3_fta,1.0,1.0,0.0,36.0,31.0
MAR,2011,True,3.0,3_fta,1.0,1.0,0.0,36.0,31.0
MAR,2012,True,3.0,3_fta,1.0,1.0,0.0,36.0,31.0
MAR,2013,True,3.0,3_fta,1.0,1.0,0.0,36.0,31.0
MAR,2014,True,3.0,3_fta,1.0,1.0,0.0,36.0,31.0
MAR,2015,True,3.0,3_fta,1.0,1.0,0.0,36.0,31.0
MAR,2016,True,3.0,3_fta,1.0,1.0,0.0,36.0,31.0
MAR,2017,True,3.0,3_fta,1.0,1.0,0.0,36.0,31.0
MOZ,1950,True,0.0,0_none,0.0,0.0,0.0,28.0,0.0
MOZ,1951,True,0.0,0_none,0.0,0.0,0.0,28.0,0.0
MOZ,1952,True,0.0,0_none,0.0,0.0,0.0,28.0,0.0
MOZ,1953,True,0.0,0_none,0.0,0.0,0.0,28.0,0.0
MOZ,1954,True,0.0,0_none,0.0,0.0,0.0,28.0,0.0
MOZ,1955,True,0.0,0_none,0.0,0.0,0.0,28.0,0.0
MOZ,1956,True,0.0,0_none,0.0,0.0,0.0,28.0,0.0
MOZ,1957,True,0.0,0_none,0.0,0.0,0.0,28.0,0.0
MOZ,1958,True,0.0,0_none,0.0,0.0,0.0,28.0,0.0
MOZ,1959,True,0.0,0_none,0.0,0.0,0.0,28.0,0.0
MOZ,1960,True,0.0,0_none,0.0,0.0,0.0,29.0,0.0
MOZ,1961,True,0.0,0_none,0.0,0.0,0.0,29.0,0.0
MOZ,1962,True,0.0,0_none,0.0,0.0,0.0,29.0,0.0
MOZ,1963,True,0.0,0_none,0.0,0.0,0.0,29.0,0.0
MOZ,1964,True,0.0,0_none,0.0,0.0,0.0,30.0,0.0
MOZ,1965,True,0.0,0_none,0.0,0.0,0.0,31.0,0.0
MOZ,1966,True,0.0,0_none,0.0,0.0,0.0,31.0,0.0
MOZ,1967,True,0.0,0_none,0.0,0.0,0.0,31.0,0.0
MOZ,1968,True,0.0,0_none,0.0,0.0,0.0,31.0,0.0
MOZ,1969,True,0.0,0_none,0.0,0.0,0.0,31.0,0.0
MOZ,1970,True,0.0,0_none,0.0,0.0,0.0,31.0,0.0
MOZ,1971,True,0.0,0_none,0.0,0.0,0.0,31.0,0.0
MOZ,1972,True,1.0,1_nonreciprocal,0.0,0.0,1.0,31.0,8.0
MOZ,1973,True,1.0,1_nonreciprocal,0.0,0.0,1.0,31.0,10.0
MOZ,1974,True,1.0,1_nonreciprocal,0.0,0.0,1.0,31.0,11.0
MOZ,1975,True,1.0,1_nonreciprocal,0.0,0.0,1.0,31.0,11.0
MOZ,1976,True,1.0,1_nonreciprocal,0.0,0.0,1.0,31.0,13.0
MOZ,1977,True,1.0,1_nonreciprocal,0.0,0.0,1.0,31.0,18.0
MOZ,1978,True,1.0,1_nonreciprocal,0.0,0.0,1.0,31.0,18.0
MOZ,1979,True,1.0,1_nonreciprocal,0.0,0.0,1.0,31.0,18.0
MOZ,1980,True,1.0,1_nonreciprocal,0.0,0.0,1.0,31.0,18.0
MOZ,1981,True,1.0,1_nonreciprocal,0.0,0.0,1.0,31.0,19.0
MOZ,1982,True,1.0,1_nonreciprocal,0.0,0.0,1.0,31.0,19.0
MOZ,1983,True,1.0,1_nonreciprocal,0.0,0.0,1.0,31.0,19.0
MOZ,1984,True,1.0,1_nonreciprocal,0.0,0.0,1.0,31.0,19.0
MOZ,1985,True,1.0,1_nonreciprocal,0.0,0.0,1.0,31.0,19.0
MOZ,1986,True,1.0,1_nonreciprocal,0.0,0.0,1.0,31.0,21.0
MOZ,1987,True,1.0,1_nonreciprocal,0.0,0.0,1.0,31.0,21.0
MOZ,1988,True,1.0,1_nonreciprocal,0.0,0.0,1.0,31.0,21.0
MOZ,1989,True,1.0,1_nonreciprocal,0.0,0.0,1.0,31.0,22.0
MOZ,1990,True,1.0,1_nonreciprocal,0.0,0.0,1.0,31.0,22.0
MOZ,1991,True,1.0,1_nonreciprocal,0.0,0.0,1.0,34.0,22.0
MOZ,1992,True,1.0,1_nonreciprocal,0.0,0.0,1.0,34.0,22.0
MOZ,1993,True,1.0,1_nonreciprocal,0.0,0.0,1.0,36.0,23.0
MOZ,1994,True,1.0,1_nonreciprocal,0.0,0.0,1.0,36.0,23.0
MOZ,1995,True,1.0,1_nonreciprocal,0.0,0.0,1.0,36.0,23.0
MOZ,1996,True,1.0,1_nonreciprocal,0.0,0.0,1.0,36.0,23.0
MOZ,1997,True,1.0,1_nonreciprocal,0.0,0.0,1.0,36.0,23.0
MOZ,1998,True,1.0,1_nonreciprocal,0.0,0.0,1.0,36.0,23.0
MOZ,1999,True,1.0,1_nonreciprocal,0.0,0.0,1.0,36.0,23.0
MOZ,2000,True,1.0,1_nonreciprocal,0.0,0.0,1.0,36.0,24.0
MOZ,2001,True,1.0,1_nonreciprocal,0.0,0.0,1.0,36.0,24.0
MOZ,2002,True,1.0,1_nonreciprocal,0.0,0.0,1.0,36.0,24.0
MOZ,2003,True,1.0,1_nonreciprocal,0.0,0.0,1.0,36.0,25.0
MOZ,2004,True,1.0,1_nonreciprocal,0.0,0.0,1.0,36.0,32.0
MOZ,2005,True,1.0,1_nonreciprocal,0.0,0.0,1.0,36.0,32.0
MOZ,2006,True,1.0,1_nonreciprocal,0.0,0.0,1.0,36.0,32.0
MOZ,2007,True,1.0,1_nonreciprocal,0.0,0.0,1.0,36.0,32.0
MOZ,2008,True,1.0,1_nonreciprocal,0.0,0.0,1.0,36.0,32.0
MOZ,2009,True,1.0,1_nonreciprocal,0.0,0.0,1.0,36.0,32.0
MOZ,2010,True,2.0,2_reciprocal_pta,1.0,0.0,0.0,36.0,32.0
MOZ,2011,True,2.0,2_reciprocal_pta,1.0,0.0,0.0,36.0,32.0
MOZ,2012,True,2.0,2_reciprocal_pta,1.0,0.0,0.0,36.0,32.0
MOZ,2013,True,2.0,2_reciprocal_pta,1.0,0.0,0.0,36.0,32.0
MOZ,2014,True,2.0,2_reciprocal_pta,1.0,0.0,0.0,36.0,32.0
MOZ,2015,True,2.0,2_reciprocal_pta,1.0,0.0,0.0,36.0,32.0
MOZ,2016,True,2.0,2_reciprocal_pta,1.0,0.0,0.0,36.0,32.0
MOZ,2017,True,2.0,2_reciprocal_pta,1.0,0.0,0.0,36.0,32.0
MUS,1950,False,,,,,,0.0,0.0
MUS,1951,False,,,,,,0.0,0.0
MUS,1952,False,,,,,,0.0,0.0
MUS,1953,False,,,,,,0.0,0.0
MUS,1954,False,,,,,,0.0,0.0
MUS,1955,False,,,,,,0.0,0.0
MUS,1956,False,,,,,,0.0,0.0
MUS,1957,False,,,,,,0.0,0.0
MUS,1958,False,,,,,,0.0,0.0
MUS,1959,False,,,,,,0.0,0.0
MUS,1960,False,,,,,,0.0,0.0
MUS,1961,False,,,,,,0.0,0.0
MUS,1962,False,,,,,,0.0,0.0
MUS,1963,False,,,,,,0.0,0.0
MUS,1964,False,,,,,,0.0,0.0
MUS,1965,False,,,,,,0.0,0.0
MUS,1966,False,,,,,,0.0,0.0
MUS,1967,False,,,,,,0.0,0.0
MUS,1968,True,1.0,1_nonreciprocal,0.0,0.0,1.0,31.0,1.0
MUS,1969,True,1.0,1_nonreciprocal,0.0,0.0,1.0,31.0,1.0
MUS,1970,True,1.0,1_nonreciprocal,0.0,0.0,1.0,31.0,1.0
MUS,1971,True,1.0,1_nonreciprocal,0.0,0.0,1.0,31.0,1.0
MUS,1972,True,1.0,1_nonreciprocal,0.0,0.0,1.0,31.0,14.0
MUS,1973,True,1.0,1_nonreciprocal,0.0,0.0,1.0,31.0,15.0
MUS,1974,True,1.0,1_nonreciprocal,0.0,0.0,1.0,31.0,17.0
MUS,1975,True,1.0,1_nonreciprocal,0.0,0.0,1.0,31.0,17.0
MUS,1976,True,1.0,1_nonreciprocal,0.0,0.0,1.0,31.0,19.0
MUS,1977,True,1.0,1_nonreciprocal,0.0,0.0,1.0,31.0,19.0
MUS,1978,True,1.0,1_nonreciprocal,0.0,0.0,1.0,31.0,19.0
MUS,1979,True,1.0,1_nonreciprocal,0.0,0.0,1.0,31.0,19.0
MUS,1980,True,1.0,1_nonreciprocal,0.0,0.0,1.0,31.0,19.0
MUS,1981,True,1.0,1_nonreciprocal,0.0,0.0,1.0,31.0,20.0
MUS,1982,True,1.0,1_nonreciprocal,0.0,0.0,1.0,31.0,20.0
MUS,1983,True,1.0,1_nonreciprocal,0.0,0.0,1.0,31.0,20.0
MUS,1984,True,1.0,1_nonreciprocal,0.0,0.0,1.0,31.0,20.0
MUS,1985,True,1.0,1_nonreciprocal,0.0,0.0,1.0,31.0,20.0
MUS,1986,True,1.0,1_nonreciprocal,0.0,0.0,1.0,31.0,22.0
MUS,1987,True,1.0,1_nonreciprocal,0.0,0.0,1.0,31.0,22.0
MUS,1988,True,1.0,1_nonreciprocal,0.0,0.0,1.0,31.0,22.0
MUS,1989,True,1.0,1_nonreciprocal,0.0,0.0,1.0,31.0,22.0
MUS,1990,True,1.0,1_nonreciprocal,0.0,0.0,1.0,31.0,22.0
MUS,1991,True,1.0,1_nonreciprocal,0.0,0.0,1.0,34.0,22.0
MUS,1992,True,1.0,1_nonreciprocal,0.0,0.0,1.0,34.0,22.0
MUS,1993,True,1.0,1_nonreciprocal,0.0,0.0,1.0,36.0,23.0
MUS,1994,True,1.0,1_nonreciprocal,0.0,0.0,1.0,36.0,23.0
MUS,1995,True,1.0,1_nonreciprocal,0.0,0.0,1.0,36.0,23.0
MUS,1996,True,1.0,1_nonreciprocal,0.0,0.0,1.0,36.0,23.0
MUS,1997,True,1.0,1_nonreciprocal,0.0,0.0,1.0,36.0,23.0
MUS,1998,True,1.0,1_nonreciprocal,0.0,0.0,1.0,36.0,23.0
MUS,1999,True,1.0,1_nonreciprocal,0.0,0.0,1.0,36.0,23.0
MUS,2000,True,1.0,1_nonreciprocal,0.0,0.0,1.0,36.0,23.0
MUS,2001,True,1.0,1_nonreciprocal,0.0,0.0,1.0,36.0,23.0
MUS,2002,True,1.0,1_nonreciprocal,0.0,0.0,1.0,36.0,23.0
MUS,2003,True,1.0,1_nonreciprocal,0.0,0.0,1.0,36.0,23.0
MUS,2004,True,1.0,1_nonreciprocal,0.0,0.0,1.0,36.0,30.0
MUS,2005,True,1.0,1_nonreciprocal,0.0,0.0,1.0,36.0,30.0
MUS,2006,True,1.0,1_nonreciprocal,0.0,0.0,1.0,36.0,30.0
MUS,2007,True,1.0,1_nonreciprocal,0.0,0.0,1.0,36.0,30.0
MUS,2008,True,1.0,1_nonreciprocal,0.0,0.0,1.0,36.0,30.0
MUS,2009,True,1.0,1_nonreciprocal,0.0,0.0,1.0,36.0,30.0
MUS,2010,True,2.0,2_reciprocal_pta,1.0,0.0,0.0,36.0,30.0
MUS,2011,True,2.0,2_reciprocal_pta,1.0,0.0,0.0,36.0,30.0
MUS,2012,True,2.0,2_reciprocal_pta,1.0,0.0,0.0,36.0,30.0
MUS,2013,True,2.0,2_reciprocal_pta,1.0,0.0,0.0,36.0,30.0
MUS,2014,True,2.0,2_reciprocal_pta,1.0,0.0,0.0,36.0,30.0
MUS,2015,True,2.0,2_reciprocal_pta,1.0,0.0,0.0,36.0,29.0
MUS,2016,True,2.0,2_reciprocal_pta,1.0,0.0,0.0,36.0,29.0
MUS,2017,True,2.0,2_reciprocal_pta,1.0,0.0,0.0,36.0,29.0
MWI,1950,False,,,,,,0.0,0.0
MWI,1951,False,,,,,,0.0,0.0
MWI,1952,False,,,,,,0.0,0.0
MWI,1953,False,,,,,,0.0,0.0
MWI,1954,False,,,,,,0.0,0.0
MWI,1955,False,,,,,,0.0,0.0
MWI,1956,False,,,,,,0.0,0.0
MWI,1957,False,,,,,,0.0,0.0
MWI,1958,False,,,,,,0.0,0.0
MWI,1959,False,,,,,,0.0,0.0
MWI,1960,False,,,,,,0.0,0.0
MWI,1961,False,,,,,,0.0,0.0
MWI,1962,False,,,,,,0.0,0.0
MWI,1963,False,,,,,,0.0,0.0
MWI,1964,True,1.0,1_nonreciprocal,0.0,0.0,1.0,30.0,1.0
MWI,1965,True,1.0,1_nonreciprocal,0.0,0.0,1.0,31.0,1.0
MWI,1966,True,1.0,1_nonreciprocal,0.0,0.0,1.0,31.0,1.0
MWI,1967,True,1.0,1_nonreciprocal,0.0,0.0,1.0,31.0,1.0
MWI,1968,True,1.0,1_nonreciprocal,0.0,0.0,1.0,31.0,1.0
MWI,1969,True,1.0,1_nonreciprocal,0.0,0.0,1.0,31.0,1.0
MWI,1970,True,1.0,1_nonreciprocal,0.0,0.0,1.0,31.0,1.0
MWI,1971,True,1.0,1_nonreciprocal,0.0,0.0,1.0,31.0,1.0
MWI,1972,True,1.0,1_nonreciprocal,0.0,0.0,1.0,31.0,14.0
MWI,1973,True,1.0,1_nonreciprocal,0.0,0.0,1.0,31.0,15.0
MWI,1974,True,1.0,1_nonreciprocal,0.0,0.0,1.0,31.0,17.0
MWI,1975,True,1.0,1_nonreciprocal,0.0,0.0,1.0,31.0,17.0
MWI,1976,True,1.0,1_nonreciprocal,0.0,0.0,1.0,31.0,19.0
MWI,1977,True,1.0,1_nonreciprocal,0.0,0.0,1.0,31.0,19.0
MWI,1978,True,1.0,1_nonreciprocal,0.0,0.0,1.0,31.0,19.0
MWI,1979,True,1.0,1_nonreciprocal,0.0,0.0,1.0,31.0,19.0
MWI,1980,True,1.0,1_nonreciprocal,0.0,0.0,1.0,31.0,19.0
MWI,1981,True,1.0,1_nonreciprocal,0.0,0.0,1.0,31.0,20.0
MWI,1982,True,1.0,1_nonreciprocal,0.0,0.0,1.0,31.0,20.0
MWI,1983,True,1.0,1_nonreciprocal,0.0,0.0,1.0,31.0,20.0
MWI,1984,True,1.0,1_nonreciprocal,0.0,0.0,1.0,31.0,20.0
MWI,1985,True,1.0,1_nonreciprocal,0.0,0.0,1.0,31.0,20.0
MWI,1986,True,1.0,1_nonreciprocal,0.0,0.0,1.0,31.0,22.0
MWI,1987,True,1.0,1_nonreciprocal,0.0,0.0,1.0,31.0,22.0
MWI,1988,True,1.0,1_nonreciprocal,0.0,0.0,1.0,31.0,22.0
MWI,1989,True,1.0,1_nonreciprocal,0.0,0.0,1.0,31.0,22.0
MWI,1990,True,1.0,1_nonreciprocal,0.0,0.0,1.0,31.0,22.0
MWI,1991,True,1.0,1_nonreciprocal,0.0,0.0,1.0,34.0,22.0
MWI,1992,True,1.0,1_nonreciprocal,0.0,0.0,1.0,34.0,22.0
MWI,1993,True,1.0,1_nonreciprocal,0.0,0.0,1.0,36.0,23.0
MWI,1994,True,1.0,1_nonreciprocal,0.0,0.0,1.0,36.0,23.0
MWI,1995,True,1.0,1_nonreciprocal,0.0,0.0,1.0,36.0,23.0
MWI,1996,True,1.0,1_nonreciprocal,0.0,0.0,1.0,36.0,23.0
MWI,1997,True,1.0,1_nonreciprocal,0.0,0.0,1.0,36.0,23.0
MWI,1998,True,1.0,1_nonreciprocal,0.0,0.0,1.0,36.0,23.0
MWI,1999,True,1.0,1_nonreciprocal,0.0,0.0,1.0,36.0,23.0
MWI,2000,True,1.0,1_nonreciprocal,0.0,0.0,1.0,36.0,24.0
MWI,2001,True,1.0,1_nonreciprocal,0.0,0.0,1.0,36.0,24.0
MWI,2002,True,1.0,1_nonreciprocal,0.0,0.0,1.0,36.0,24.0
MWI,2003,True,1.0,1_nonreciprocal,0.0,0.0,1.0,36.0,25.0
MWI,2004,True,1.0,1_nonreciprocal,0.0,0.0,1.0,36.0,32.0
MWI,2005,True,1.0,1_nonreciprocal,0.0,0.0,1.0,36.0,32.0
MWI,2006,True,1.0,1_nonreciprocal,0.0,0.0,1.0,36.0,32.0
MWI,2007,True,1.0,1_nonreciprocal,0.0,0.0,1.0,36.0,32.0
MWI,2008,True,1.0,1_nonreciprocal,0.0,0.0,1.0,36.0,32.0
MWI,2009,True,1.0,1_nonreciprocal,0.0,0.0,1.0,36.0,32.0
MWI,2010,True,1.0,1_nonreciprocal,0.0,0.0,1.0,36.0,32.0
MWI,2011,True,1.0,1_nonreciprocal,0.0,0.0,1.0,36.0,32.0
MWI,2012,True,1.0,1_nonreciprocal,0.0,0.0,1.0,36.0,32.0
MWI,2013,True,1.0,1_nonreciprocal,0.0,0.0,1.0,36.0,32.0
MWI,2014,True,1.0,1_nonreciprocal,0.0,0.0,1.0,36.0,32.0
MWI,2015,True,1.0,1_nonreciprocal,0.0,0.0,1.0,36.0,32.0
MWI,2016,True,1.0,1_nonreciprocal,0.0,0.0,1.0,36.0,32.0
MWI,2017,True,1.0,1_nonreciprocal,0.0,0.0,1.0,36.0,32.0
NAM,1950,True,0.0,0_none,0.0,0.0,0.0,28.0,0.0
NAM,1951,True,0.0,0_none,0.0,0.0,0.0,28.0,0.0
NAM,1952,True,0.0,0_none,0.0,0.0,0.0,28.0,0.0
NAM,1953,True,0.0,0_none,0.0,0.0,0.0,28.0,0.0
NAM,1954,True,0.0,0_none,0.0,0.0,0.0,28.0,0.0
NAM,1955,True,0.0,0_none,0.0,0.0,0.0,28.0,0.0
NAM,1956,True,0.0,0_none,0.0,0.0,0.0,28.0,0.0
NAM,1957,True,0.0,0_none,0.0,0.0,0.0,28.0,0.0
NAM,1958,True,0.0,0_none,0.0,0.0,0.0,28.0,0.0
NAM,1959,True,0.0,0_none,0.0,0.0,0.0,28.0,0.0
NAM,1960,True,0.0,0_none,0.0,0.0,0.0,29.0,0.0
NAM,1961,True,0.0,0_none,0.0,0.0,0.0,29.0,0.0
NAM,1962,True,0.0,0_none,0.0,0.0,0.0,29.0,0.0
NAM,1963,True,0.0,0_none,0.0,0.0,0.0,29.0,0.0
NAM,1964,True,0.0,0_none,0.0,0.0,0.0,30.0,0.0
NAM,1965,True,0.0,0_none,0.0,0.0,0.0,31.0,0.0
NAM,1966,True,0.0,0_none,0.0,0.0,0.0,31.0,0.0
NAM,1967,True,0.0,0_none,0.0,0.0,0.0,31.0,0.0
NAM,1968,True,0.0,0_none,0.0,0.0,0.0,31.0,0.0
NAM,1969,True,0.0,0_none,0.0,0.0,0.0,31.0,0.0
NAM,1970,True,0.0,0_none,0.0,0.0,0.0,31.0,0.0
NAM,1971,True,0.0,0_none,0.0,0.0,0.0,31.0,0.0
NAM,1972,True,0.0,0_none,0.0,0.0,0.0,31.0,0.0
NAM,1973,True,0.0,0_none,0.0,0.0,0.0,31.0,0.0
NAM,1974,True,0.0,0_none,0.0,0.0,0.0,31.0,0.0
NAM,1975,True,0.0,0_none,0.0,0.0,0.0,31.0,0.0
NAM,1976,True,0.0,0_none,0.0,0.0,0.0,31.0,0.0
NAM,1977,True,0.0,0_none,0.0,0.0,0.0,31.0,0.0
NAM,1978,True,0.0,0_none,0.0,0.0,0.0,31.0,0.0
NAM,1979,True,0.0,0_none,0.0,0.0,0.0,31.0,0.0
NAM,1980,True,0.0,0_none,0.0,0.0,0.0,31.0,0.0
NAM,1981,True,0.0,0_none,0.0,0.0,0.0,31.0,0.0
NAM,1982,True,0.0,0_none,0.0,0.0,0.0,31.0,0.0
NAM,1983,True,0.0,0_none,0.0,0.0,0.0,31.0,0.0
NAM,1984,True,0.0,0_none,0.0,0.0,0.0,31.0,0.0
NAM,1985,True,0.0,0_none,0.0,0.0,0.0,31.0,0.0
NAM,1986,True,0.0,0_none,0.0,0.0,0.0,31.0,0.0
NAM,1987,True,0.0,0_none,0.0,0.0,0.0,31.0,0.0
NAM,1988,True,0.0,0_none,0.0,0.0,0.0,31.0,0.0
NAM,1989,True,0.0,0_none,0.0,0.0,0.0,31.0,0.0
NAM,1990,True,1.0,1_nonreciprocal,0.0,0.0,1.0,31.0,11.0
NAM,1991,True,1.0,1_nonreciprocal,0.0,0.0,1.0,34.0,16.0
NAM,1992,True,1.0,1_nonreciprocal,0.0,0.0,1.0,34.0,16.0
NAM,1993,True,1.0,1_nonreciprocal,0.0,0.0,1.0,36.0,16.0
NAM,1994,True,1.0,1_nonreciprocal,0.0,0.0,1.0,36.0,16.0
NAM,1995,True,1.0,1_nonreciprocal,0.0,0.0,1.0,36.0,17.0
NAM,1996,True,1.0,1_nonreciprocal,0.0,0.0,1.0,36.0,17.0
NAM,1997,True,1.0,1_nonreciprocal,0.0,0.0,1.0,36.0,17.0
NAM,1998,True,1.0,1_nonreciprocal,0.0,0.0,1.0,36.0,17.0
NAM,1999,True,1.0,1_nonreciprocal,0.0,0.0,1.0,36.0,19.0
NAM,2000,True,1.0,1_nonreciprocal,0.0,0.0,1.0,36.0,20.0
NAM,2001,True,1.0,1_nonreciprocal,0.0,0.0,1.0,36.0,21.0
NAM,2002,True,1.0,1_nonreciprocal,0.0,0.0,1.0,36.0,22.0
NAM,2003,True,1.0,1_nonreciprocal,0.0,0.0,1.0,36.0,23.0
NAM,2004,True,1.0,1_nonreciprocal,0.0,0.0,1.0,36.0,29.0
NAM,2005,True,1.0,1_nonreciprocal,0.0,0.0,1.0,36.0,29.0
NAM,2006,True,1.0,1_nonreciprocal,0.0,0.0,1.0,36.0,29.0
NAM,2007,True,1.0,1_nonreciprocal,0.0,0.0,1.0,36.0,29.0
NAM,2008,True,3.0,3_fta,1.0,1.0,0.0,36.0,30.0
NAM,2009,True,3.0,3_fta,1.0,1.0,0.0,36.0,30.0
NAM,2010,True,3.0,3_fta,1.0,1.0,0.0,36.0,30.0
NAM,2011,True,3.0,3_fta,1.0,1.0,0.0,36.0,30.0
NAM,2012,True,3.0,3_fta,1.0,1.0,0.0,36.0,30.0
NAM,2013,True,3.0,3_fta,1.0,1.0,0.0,36.0,30.0
NAM,2014,True,3.0,3_fta,1.0,1.0,0.0,36.0,30.0
NAM,2015,True,3.0,3_fta,1.0,1.0,0.0,36.0,29.0
NAM,2016,True,3.0,3_fta,1.0,1.0,0.0,36.0,29.0
NAM,2017,True,3.0,3_fta,1.0,1.0,0.0,36.0,29.0
NGA,1950,True,1.0,1_nonreciprocal,0.0,0.0,1.0,28.0,1.0
NGA,1951,True,1.0,1_nonreciprocal,0.0,0.0,1.0,28.0,1.0
NGA,1952,True,1.0,1_nonreciprocal,0.0,0.0,1.0,28.0,1.0
NGA,1953,True,1.0,1_nonreciprocal,0.0,0.0,1.0,28.0,1.0
NGA,1954,True,1.0,1_nonreciprocal,0.0,0.0,1.0,28.0,1.0
NGA,1955,True,1.0,1_nonreciprocal,0.0,0.0,1.0,28.0,1.0
NGA,1956,True,1.0,1_nonreciprocal,0.0,0.0,1.0,28.0,1.0
NGA,1957,True,1.0,1_nonreciprocal,0.0,0.0,1.0,28.0,1.0
NGA,1958,True,1.0,1_nonreciprocal,0.0,0.0,1.0,28.0,1.0
NGA,1959,True,1.0,1_nonreciprocal,0.0,0.0,1.0,28.0,1.0
NGA,1960,True,1.0,1_nonreciprocal,0.0,0.0,1.0,29.0,1.0
NGA,1961,True,1.0,1_nonreciprocal,0.0,0.0,1.0,29.0,1.0
NGA,1962,True,1.0,1_nonreciprocal,0.0,0.0,1.0,29.0,1.0
NGA,1963,True,1.0,1_nonreciprocal,0.0,0.0,1.0,29.0,1.0
NGA,1964,True,1.0,1_nonreciprocal,0.0,0.0,1.0,30.0,1.0
NGA,1965,True,1.0,1_nonreciprocal,0.0,0.0,1.0,31.0,1.0
NGA,1966,True,1.0,1_nonreciprocal,0.0,0.0,1.0,31.0,1.0
NGA,1967,True,1.0,1_nonreciprocal,0.0,0.0,1.0,31.0,1.0
NGA,1968,True,1.0,1_nonreciprocal,0.0,0.0,1.0,31.0,1.0
NGA,1969,True,1.0,1_nonreciprocal,0.0,0.0,1.0,31.0,1.0
NGA,1970,True,1.0,1_nonreciprocal,0.0,0.0,1.0,31.0,1.0
NGA,1971,True,1.0,1_nonreciprocal,0.0,0.0,1.0,31.0,1.0
NGA,1972,True,1.0,1_nonreciprocal,0.0,0.0,1.0,31.0,15.0
NGA,1973,True,1.0,1_nonreciprocal,0.0,0.0,1.0,31.0,16.0
NGA,1974,True,1.0,1_nonreciprocal,0.0,0.0,1.0,31.0,18.0
NGA,1975,True,1.0,1_nonreciprocal,0.0,0.0,1.0,31.0,18.0
NGA,1976,True,1.0,1_nonreciprocal,0.0,0.0,1.0,31.0,18.0
NGA,1977,True,1.0,1_nonreciprocal,0.0,0.0,1.0,31.0,18.0
NGA,1978,True,1.0,1_nonreciprocal,0.0,0.0,1.0,31.0,18.0
NGA,1979,True,1.0,1_nonreciprocal,0.0,0.0,1.0,31.0,18.0
NGA,1980,True,1.0,1_nonreciprocal,0.0,0.0,1.0,31.0,18.0
NGA,1981,True,1.0,1_nonreciprocal,0.0,0.0,1.0,31.0,19.0
NGA,1982,True,1.0,1_nonreciprocal,0.0,0.0,1.0,31.0,19.0
NGA,1983,True,1.0,1_nonreciprocal,0.0,0.0,1.0,31.0,19.0
NGA,1984,True,1.0,1_nonreciprocal,0.0,0.0,1.0,31.0,19.0
NGA,1985,True,1.0,1_nonreciprocal,0.0,0.0,1.0,31.0,19.0
NGA,1986,True,1.0,1_nonreciprocal,0.0,0.0,1.0,31.0,21.0
NGA,1987,True,1.0,1_nonreciprocal,0.0,0.0,1.0,31.0,21.0
NGA,1988,True,1.0,1_nonreciprocal,0.0,0.0,1.0,31.0,21.0
NGA,1989,True,1.0,1_nonreciprocal,0.0,0.0,1.0,31.0,21.0
NGA,1990,True,1.0,1_nonreciprocal,0.0,0.0,1.0,31.0,21.0
NGA,1991,True,1.0,1_nonreciprocal,0.0,0.0,1.0,34.0,21.0
NGA,1992,True,1.0,1_nonreciprocal,0.0,0.0,1.0,34.0,21.0
NGA,1993,True,1.0,1_nonreciprocal,0.0,0.0,1.0,36.0,22.0
NGA,1994,True,1.0,1_nonreciprocal,0.0,0.0,1.0,36.0,22.0
NGA,1995,True,1.0,1_nonreciprocal,0.0,0.0,1.0,36.0,22.0
NGA,1996,True,1.0,1_nonreciprocal,0.0,0.0,1.0,36.0,22.0
NGA,1997,True,1.0,1_nonreciprocal,0.0,0.0,1.0,36.0,22.0
NGA,1998,True,1.0,1_nonreciprocal,0.0,0.0,1.0,36.0,22.0
NGA,1999,True,1.0,1_nonreciprocal,0.0,0.0,1.0,36.0,22.0
NGA,2000,True,1.0,1_nonreciprocal,0.0,0.0,1.0,36.0,22.0
NGA,2001,True,1.0,1_nonreciprocal,0.0,0.0,1.0,36.0,23.0
NGA,2002,True,1.0,1_nonreciprocal,0.0,0.0,1.0,36.0,23.0
NGA,2003,True,1.0,1_nonreciprocal,0.0,0.0,1.0,36.0,23.0
NGA,2004,True,1.0,1_nonreciprocal,0.0,0.0,1.0,36.0,30.0
NGA,2005,True,1.0,1_nonreciprocal,0.0,0.0,1.0,36.0,30.0
NGA,2006,True,1.0,1_nonreciprocal,0.0,0.0,1.0,36.0,30.0
NGA,2007,True,1.0,1_nonreciprocal,0.0,0.0,1.0,36.0,30.0
NGA,2008,True,1.0,1_nonreciprocal,0.0,0.0,1.0,36.0,30.0
NGA,2009,True,1.0,1_nonreciprocal,0.0,0.0,1.0,36.0,30.0
NGA,2010,True,1.0,1_nonreciprocal,0.0,0.0,1.0,36.0,30.0
NGA,2011,True,1.0,1_nonreciprocal,0.0,0.0,1.0,36.0,30.0
NGA,2012,True,1.0,1_nonreciprocal,0.0,0.0,1.0,36.0,30.0
NGA,2013,True,1.0,1_nonreciprocal,0.0,0.0,1.0,36.0,30.0
NGA,2014,True,1.0,1_nonreciprocal,0.0,0.0,1.0,36.0,30.0
NGA,2015,True,1.0,1_nonreciprocal,0.0,0.0,1.0,36.0,30.0
NGA,2016,True,1.0,1_nonreciprocal,0.0,0.0,1.0,36.0,30.0
NGA,2017,True,1.0,1_nonreciprocal,0.0,0.0,1.0,36.0,30.0
RWA,1950,False,,,,,,0.0,0.0
RWA,1951,False,,,,,,0.0,0.0
RWA,1952,False,,,,,,0.0,0.0
RWA,1953,False,,,,,,0.0,0.0
RWA,1954,False,,,,,,0.0,0.0
RWA,1955,False,,,,,,0.0,0.0
RWA,1956,False,,,,,,0.0,0.0
RWA,1957,False,,,,,,0.0,0.0
RWA,1958,False,,,,,,0.0,0.0
RWA,1959,False,,,,,,0.0,0.0
RWA,1960,False,,,,,,0.0,0.0
RWA,1961,False,,,,,,0.0,0.0
RWA,1962,True,0.0,0_none,0.0,0.0,0.0,29.0,0.0
RWA,1963,True,0.0,0_none,0.0,0.0,0.0,29.0,0.0
RWA,1964,True,1.0,1_nonreciprocal,0.0,0.0,1.0,30.0,6.0
RWA,1965,True,1.0,1_nonreciprocal,0.0,0.0,1.0,31.0,6.0
RWA,1966,True,1.0,1_nonreciprocal,0.0,0.0,1.0,31.0,6.0
RWA,1967,True,1.0,1_nonreciprocal,0.0,0.0,1.0,31.0,6.0
RWA,1968,True,1.0,1_nonreciprocal,0.0,0.0,1.0,31.0,6.0
RWA,1969,True,1.0,1_nonreciprocal,0.0,0.0,1.0,31.0,6.0
RWA,1970,True,1.0,1_nonreciprocal,0.0,0.0,1.0,31.0,6.0
RWA,1971,True,1.0,1_nonreciprocal,0.0,0.0,1.0,31.0,6.0
RWA,1972,True,1.0,1_nonreciprocal,0.0,0.0,1.0,31.0,15.0
RWA,1973,True,1.0,1_nonreciprocal,0.0,0.0,1.0,31.0,16.0
RWA,1974,True,1.0,1_nonreciprocal,0.0,0.0,1.0,31.0,18.0
RWA,1975,True,1.0,1_nonreciprocal,0.0,0.0,1.0,31.0,18.0
RWA,1976,True,1.0,1_nonreciprocal,0.0,0.0,1.0,31.0,19.0
RWA,1977,True,1.0,1_nonreciprocal,0.0,0.0,1.0,31.0,19.0
RWA,1978,True,1.0,1_nonreciprocal,0.0,0.0,1.0,31.0,19.0
RWA,1979,True,1.0,1_nonreciprocal,0.0,0.0,1.0,31.0,19.0
RWA,1980,True,1.0,1_nonreciprocal,0.0,0.0,1.0,31.0,19.0
RWA,1981,True,1.0,1_nonreciprocal,0.0,0.0,1.0,31.0,20.0
RWA,1982,True,1.0,1_nonreciprocal,0.0,0.0,1.0,31.0,20.0
RWA,1983,True,1.0,1_nonreciprocal,0.0,0.0,1.0,31.0,20.0
RWA,1984,True,1.0,1_nonreciprocal,0.0,0.0,1.0,31.0,20.0
RWA,1985,True,1.0,1_nonreciprocal,0.0,0.0,1.0,31.0,20.0
RWA,1986,True,1.0,1_nonreciprocal,0.0,0.0,1.0,31.0,22.0
RWA,1987,True,1.0,1_nonreciprocal,0.0,0.0,1.0,31.0,22.0
RWA,1988,True,1.0,1_nonreciprocal,0.0,0.0,1.0,31.0,22.0
RWA,1989,True,1.0,1_nonreciprocal,0.0,0.0,1.0,31.0,22.0
RWA,1990,True,1.0,1_nonreciprocal,0.0,0.0,1.0,31.0,22.0
RWA,1991,True,1.0,1_nonreciprocal,0.0,0.0,1.0,34.0,22.0
RWA,1992,True,1.0,1_nonreciprocal,0.0,0.0,1.0,34.0,22.0
RWA,1993,True,1.0,1_nonreciprocal,0.0,0.0,1.0,36.0,23.0
RWA,1994,True,1.0,1_nonreciprocal,0.0,0.0,1.0,36.0,23.0
RWA,1995,True,1.0,1_nonreciprocal,0.0,0.0,1.0,36.0,23.0
RWA,1996,True,1.0,1_nonreciprocal,0.0,0.0,1.0,36.0,23.0
RWA,1997,True,1.0,1_nonreciprocal,0.0,0.0,1.0,36.0,23.0
RWA,1998,True,1.0,1_nonreciprocal,0.0,0.0,1.0,36.0,23.0
RWA,1999,True,1.0,1_nonreciprocal,0.0,0.0,1.0,36.0,23.0
RWA,2000,True,1.0,1_nonreciprocal,0.0,0.0,1.0,36.0,24.0
RWA,2001,True,1.0,1_nonreciprocal,0.0,0.0,1.0,36.0,24.0
RWA,2002,True,1.0,1_nonreciprocal,0.0,0.0,1.0,36.0,24.0
RWA,2003,True,1.0,1_nonreciprocal,0.0,0.0,1.0,36.0,25.0
RWA,2004,True,1.0,1_nonreciprocal,0.0,0.0,1.0,36.0,32.0
RWA,2005,True,1.0,1_nonreciprocal,0.0,0.0,1.0,36.0,32.0
RWA,2006,True,1.0,1_nonreciprocal,0.0,0.0,1.0,36.0,32.0
RWA,2007,True,1.0,1_nonreciprocal,0.0,0.0,1.0,36.0,32.0
RWA,2008,True,1.0,1_nonreciprocal,0.0,0.0,1.0,36.0,32.0
RWA,2009,True,1.0,1_nonreciprocal,0.0,0.0,1.0,36.0,32.0
RWA,2010,True,2.0,2_reciprocal_pta,1.0,0.0,0.0,36.0,32.0
RWA,2011,True,2.0,2_reciprocal_pta,1.0,0.0,0.0,36.0,32.0
RWA,2012,True,2.0,2_reciprocal_pta,1.0,0.0,0.0,36.0,32.0
RWA,2013,True,2.0,2_reciprocal_pta,1.0,0.0,0.0,36.0,32.0
RWA,2014,True,2.0,2_reciprocal_pta,1.0,0.0,0.0,36.0,32.0
RWA,2015,True,2.0,2_reciprocal_pta,1.0,0.0,0.0,36.0,32.0
RWA,2016,True,2.0,2_reciprocal_pta,1.0,0.0,0.0,36.0,32.0
RWA,2017,True,2.0,2_reciprocal_pta,1.0,0.0,0.0,36.0,32.0
SEN,1950,False,,,,,,0.0,0.0
SEN,1951,False,,,,,,0.0,0.0
SEN,1952,False,,,,,,0.0,0.0
SEN,1953,False,,,,,,0.0,0.0
SEN,1954,False,,,,,,0.0,0.0
SEN,1955,False,,,,,,0.0,0.0
SEN,1956,False,,,,,,0.0,0.0
SEN,1957,False,,,,,,0.0,0.0
SEN,1958,False,,,,,,0.0,0.0
SEN,1959,False,,,,,,0.0,0.0
SEN,1960,True,0.0,0_none,0.0,0.0,0.0,29.0,0.0
SEN,1961,True,0.0,0_none,0.0,0.0,0.0,29.0,0.0
SEN,1962,True,0.0,0_none,0.0,0.0,0.0,29.0,0.0
SEN,1963,True,0.0,0_none,0.0,0.0,0.0,29.0,0.0
SEN,1964,True,1.0,1_nonreciprocal,0.0,0.0,1.0,30.0,6.0
SEN,1965,True,1.0,1_nonreciprocal,0.0,0.0,1.0,31.0,6.0
SEN,1966,True,1.0,1_nonreciprocal,0.0,0.0,1.0,31.0,6.0
SEN,1967,True,1.0,1_nonreciprocal,0.0,0.0,1.0,31.0,6.0
SEN,1968,True,1.0,1_nonreciprocal,0.0,0.0,1.0,31.0,6.0
SEN,1969,True,1.0,1_nonreciprocal,0.0,0.0,1.0,31.0,6.0
SEN,1970,True,1.0,1_nonreciprocal,0.0,0.0,1.0,31.0,6.0
SEN,1971,True,1.0,1_nonreciprocal,0.0,0.0,1.0,31.0,6.0
SEN,1972,True,1.0,1_nonreciprocal,0.0,0.0,1.0,31.0,15.0
SEN,1973,True,1.0,1_nonreciprocal,0.0,0.0,1.0,31.0,16.0
SEN,1974,True,1.0,1_nonreciprocal,0.0,0.0,1.0,31.0,18.0
SEN,1975,True,1.0,1_nonreciprocal,0.0,0.0,1.0,31.0,18.0
SEN,1976,True,1.0,1_nonreciprocal,0.0,0.0,1.0,31.0,19.0
SEN,1977,True,1.0,1_nonreciprocal,0.0,0.0,1.0,31.0,19.0
SEN,1978,True,1.0,1_nonreciprocal,0.0,0.0,1.0,31.0,19.0
SEN,1979,True,1.0,1_nonreciprocal,0.0,0.0,1.0,31.0,19.0
SEN,1980,True,1.0,1_nonreciprocal,0.0,0.0,1.0,31.0,19.0
SEN,1981,True,1.0,1_nonreciprocal,0.0,0.0,1.0,31.0,20.0
SEN,1982,True,1.0,1_nonreciprocal,0.0,0.0,1.0,31.0,20.0
SEN,1983,True,1.0,1_nonreciprocal,0.0,0.0,1.0,31.0,20.0
SEN,1984,True,1.0,1_nonreciprocal,0.0,0.0,1.0,31.0,20.0
SEN,1985,True,1.0,1_nonreciprocal,0.0,0.0,1.0,31.0,20.0
SEN,1986,True,1.0,1_nonreciprocal,0.0,0.0,1.0,31.0,22.0
SEN,1987,True,1.0,1_nonreciprocal,0.0,0.0,1.0,31.0,22.0
SEN,1988,True,1.0,1_nonreciprocal,0.0,0.0,1.0,31.0,22.0
SEN,1989,True,1.0,1_nonreciprocal,0.0,0.0,1.0,31.0,22.0
SEN,1990,True,1.0,1_nonreciprocal,0.0,0.0,1.0,31.0,22.0
SEN,1991,True,1.0,1_nonreciprocal,0.0,0.0,1.0,34.0,22.0
SEN,1992,True,1.0,1_nonreciprocal,0.0,0.0,1.0,34.0,22.0
SEN,1993,True,1.0,1_nonreciprocal,0.0,0.0,1.0,36.0,23.0
SEN,1994,True,1.0,1_nonreciprocal,0.0,0.0,1.0,36.0,23.0
SEN,1995,True,1.0,1_nonreciprocal,0.0,0.0,1.0,36.0,23.0
SEN,1996,True,1.0,1_nonreciprocal,0.0,0.0,1.0,36.0,23.0
SEN,1997,True,1.0,1_nonreciprocal,0.0,0.0,1.0,36.0,23.0
SEN,1998,True,1.0,1_nonreciprocal,0.0,0.0,1.0,36.0,23.0
SEN,1999,True,1.0,1_nonreciprocal,0.0,0.0,1.0,36.0,23.0
SEN,2000,True,1.0,1_nonreciprocal,0.0,0.0,1.0,36.0,23.0
SEN,2001,True,1.0,1_nonreciprocal,0.0,0.0,1.0,36.0,23.0
SEN,2002,True,1.0,1_nonreciprocal,0.0,0.0,1.0,36.0,23.0
SEN,2003,True,1.0,1_nonreciprocal,0.0,0.0,1.0,36.0,24.0
SEN,2004,True,1.0,1_nonreciprocal,0.0,0.0,1.0,36.0,30.0
SEN,2005,True,1.0,1_nonreciprocal,0.0,0.0,1.0,36.0,30.0
SEN,2006,True,1.0,1_nonreciprocal,0.0,0.0,1.0,36.0,30.0
SEN,2007,True,1.0,1_nonreciprocal,0.0,0.0,1.0,36.0,30.0
SEN,2008,True,1.0,1_nonreciprocal,0.0,0.0,1.0,36.0,30.0
SEN,2009,True,1.0,1_nonreciprocal,0.0,0.0,1.0,36.0,30.0
SEN,2010,True,1.0,1_nonreciprocal,0.0,0.0,1.0,36.0,30.0
SEN,2011,True,1.0,1_nonreciprocal,0.0,0.0,1.0,36.0,30.0
SEN,2012,True,1.0,1_nonreciprocal,0.0,0.0,1.0,36.0,30.0
SEN,2013,True,1.0,1_nonreciprocal,0.0,0.0,1.0,36.0,30.0
SEN,2014,True,1.0,1_nonreciprocal,0.0,0.0,1.0,36.0,30.0
SEN,2015,True,1.0,1_nonreciprocal,0.0,0.0,1.0,36.0,30.0
SEN,2016,True,1.0,1_nonreciprocal,0.0,0.0,1.0,36.0,30.0
SEN,2017,True,1.0,1_nonreciprocal,0.0,0.0,1.0,36.0,30.0
SLE,1950,False,,,,,,0.0,0.0
SLE,1951,False,,,,,,0.0,0.0
SLE,1952,False,,,,,,0.0,0.0
SLE,1953,False,,,,,,0.0,0.0
SLE,1954,False,,,,,,0.0,0.0
SLE,1955,False,,,,,,0.0,0.0
SLE,1956,False,,,,,,0.0,0.0
SLE,1957,False,,,,,,0.0,0.0
SLE,1958,False,,,,,,0.0,0.0
SLE,1959,False,,,,,,0.0,0.0
SLE,1960,False,,,,,,0.0,0.0
SLE,1961,True,1.0,1_nonreciprocal,0.0,0.0,1.0,29.0,1.0
SLE,1962,True,1.0,1_nonreciprocal,0.0,0.0,1.0,29.0,1.0
SLE,1963,True,1.0,1_nonreciprocal,0.0,0.0,1.0,29.0,1.0
SLE,1964,True,1.0,1_nonreciprocal,0.0,0.0,1.0,30.0,1.0
SLE,1965,True,1.0,1_nonreciprocal,0.0,0.0,1.0,31.0,1.0
SLE,1966,True,1.0,1_nonreciprocal,0.0,0.0,1.0,31.0,1.0
SLE,1967,True,1.0,1_nonreciprocal,0.0,0.0,1.0,31.0,1.0
SLE,1968,True,1.0,1_nonreciprocal,0.0,0.0,1.0,31.0,1.0
SLE,1969,True,1.0,1_nonreciprocal,0.0,0.0,1.0,31.0,1.0
SLE,1970,True,1.0,1_nonreciprocal,0.0,0.0,1.0,31.0,1.0
SLE,1971,True,1.0,1_nonreciprocal,0.0,0.0,1.0,31.0,1.0
SLE,1972,True,1.0,1_nonreciprocal,0.0,0.0,1.0,31.0,15.0
SLE,1973,True,1.0,1_nonreciprocal,0.0,0.0,1.0,31.0,16.0
SLE,1974,True,1.0,1_nonreciprocal,0.0,0.0,1.0,31.0,18.0
SLE,1975,True,1.0,1_nonreciprocal,0.0,0.0,1.0,31.0,18.0
SLE,1976,True,1.0,1_nonreciprocal,0.0,0.0,1.0,31.0,19.0
SLE,1977,True,1.0,1_nonreciprocal,0.0,0.0,1.0,31.0,19.0
SLE,1978,True,1.0,1_nonreciprocal,0.0,0.0,1.0,31.0,19.0
SLE,1979,True,1.0,1_nonreciprocal,0.0,0.0,1.0,31.0,19.0
SLE,1980,True,1.0,1_nonreciprocal,0.0,0.0,1.0,31.0,19.0
SLE,1981,True,1.0,1_nonreciprocal,0.0,0.0,1.0,31.0,20.0
SLE,1982,True,1.0,1_nonreciprocal,0.0,0.0,1.0,31.0,20.0
SLE,1983,True,1.0,1_nonreciprocal,0.0,0.0,1.0,31.0,20.0
SLE,1984,True,1.0,1_nonreciprocal,0.0,0.0,1.0,31.0,20.0
SLE,1985,True,1.0,1_nonreciprocal,0.0,0.0,1.0,31.0,20.0
SLE,1986,True,1.0,1_nonreciprocal,0.0,0.0,1.0,31.0,22.0
SLE,1987,True,1.0,1_nonreciprocal,0.0,0.0,1.0,31.0,22.0
SLE,1988,True,1.0,1_nonreciprocal,0.0,0.0,1.0,31.0,22.0
SLE,1989,True,1.0,1_nonreciprocal,0.0,0.0,1.0,31.0,22.0
SLE,1990,True,1.0,1_nonreciprocal,0.0,0.0,1.0,31.0,22.0
SLE,1991,True,1.0,1_nonreciprocal,0.0,0.0,1.0,34.0,22.0
SLE,1992,True,1.0,1_nonreciprocal,0.0,0.0,1.0,34.0,22.0
SLE,1993,True,1.0,1_nonreciprocal,0.0,0.0,1.0,36.0,23.0
SLE,1994,True,1.0,1_nonreciprocal,0.0,0.0,1.0,36.0,23.0
SLE,1995,True,1.0,1_nonreciprocal,0.0,0.0,1.0,36.0,23.0
SLE,1996,True,1.0,1_nonreciprocal,0.0,0.0,1.0,36.0,23.0
SLE,1997,True,1.0,1_nonreciprocal,0.0,0.0,1.0,36.0,23.0
SLE,1998,True,1.0,1_nonreciprocal,0.0,0.0,1.0,36.0,23.0
SLE,1999,True,1.0,1_nonreciprocal,0.0,0.0,1.0,36.0,23.0
SLE,2000,True,1.0,1_nonreciprocal,0.0,0.0,1.0,36.0,24.0
SLE,2001,True,1.0,1_nonreciprocal,0.0,0.0,1.0,36.0,24.0
SLE,2002,True,1.0,1_nonreciprocal,0.0,0.0,1.0,36.0,24.0
SLE,2003,True,1.0,1_nonreciprocal,0.0,0.0,1.0,36.0,25.0
SLE,2004,True,1.0,1_nonreciprocal,0.0,0.0,1.0,36.0,32.0
SLE,2005,True,1.0,1_nonreciprocal,0.0,0.0,1.0,36.0,32.0
SLE,2006,True,1.0,1_nonreciprocal,0.0,0.0,1.0,36.0,32.0
SLE,2007,True,1.0,1_nonreciprocal,0.0,0.0,1.0,36.0,32.0
SLE,2008,True,1.0,1_nonreciprocal,0.0,0.0,1.0,36.0,32.0
SLE,2009,True,1.0,1_nonreciprocal,0.0,0.0,1.0,36.0,32.0
SLE,2010,True,1.0,1_nonreciprocal,0.0,0.0,1.0,36.0,32.0
SLE,2011,True,1.0,1_nonreciprocal,0.0,0.0,1.0,36.0,32.0
SLE,2012,True,1.0,1_nonreciprocal,0.0,0.0,1.0,36.0,32.0
SLE,2013,True,1.0,1_nonreciprocal,0.0,0.0,1.0,36.0,32.0
SLE,2014,True,1.0,1_nonreciprocal,0.0,0.0,1.0,36.0,32.0
SLE,2015,True,1.0,1_nonreciprocal,0.0,0.0,1.0,36.0,32.0
SLE,2016,True,1.0,1_nonreciprocal,0.0,0.0,1.0,36.0,32.0
SLE,2017,True,1.0,1_nonreciprocal,0.0,0.0,1.0,36.0,32.0
SWZ,1950,False,,,,,,0.0,0.0
SWZ,1951,False,,,,,,0.0,0.0
SWZ,1952,False,,,,,,0.0,0.0
SWZ,1953,False,,,,,,0.0,0.0
SWZ,1954,False,,,,,,0.0,0.0
SWZ,1955,False,,,,,,0.0,0.0
SWZ,1956,False,,,,,,0.0,0.0
SWZ,1957,False,,,,,,0.0,0.0
SWZ,1958,False,,,,,,0.0,0.0
SWZ,1959,False,,,,,,0.0,0.0
SWZ,1960,False,,,,,,0.0,0.0
SWZ,1961,False,,,,,,0.0,0.0
SWZ,1962,False,,,,,,0.0,0.0
SWZ,1963,False,,,,,,0.0,0.0
SWZ,1964,False,,,,,,0.0,0.0
SWZ,1965,False,,,,,,0.0,0.0
SWZ,1966,False,,,,,,0.0,0.0
SWZ,1967,False,,,,,,0.0,0.0
SWZ,1968,True,1.0,1_nonreciprocal,0.0,0.0,1.0,31.0,1.0
SWZ,1969,True,1.0,1_nonreciprocal,0.0,0.0,1.0,31.0,1.0
SWZ,1970,True,1.0,1_nonreciprocal,0.0,0.0,1.0,31.0,1.0
SWZ,1971,True,1.0,1_nonreciprocal,0.0,0.0,1.0,31.0,1.0
SWZ,1972,True,1.0,1_nonreciprocal,0.0,0.0,1.0,31.0,14.0
SWZ,1973,True,1.0,1_nonreciprocal,0.0,0.0,1.0,31.0,15.0
SWZ,1974,True,1.0,1_nonreciprocal,0.0,0.0,1.0,31.0,17.0
SWZ,1975,True,1.0,1_nonreciprocal,0.0,0.0,1.0,31.0,17.0
SWZ,1976,True,1.0,1_nonreciprocal,0.0,0.0,1.0,31.0,19.0
SWZ,1977,True,1.0,1_nonreciprocal,0.0,0.0,1.0,31.0,19.0
SWZ,1978,True,1.0,1_nonreciprocal,0.0,0.0,1.0,31.0,19.0
SWZ,1979,True,1.0,1_nonreciprocal,0.0,0.0,1.0,31.0,19.0
SWZ,1980,True,1.0,1_nonreciprocal,0.0,0.0,1.0,31.0,19.0
SWZ,1981,True,1.0,1_nonreciprocal,0.0,0.0,1.0,31.0,20.0
SWZ,1982,True,1.0,1_nonreciprocal,0.0,0.0,1.0,31.0,20.0
SWZ,1983,True,1.0,1_nonreciprocal,0.0,0.0,1.0,31.0,20.0
SWZ,1984,True,1.0,1_nonreciprocal,0.0,0.0,1.0,31.0,20.0
SWZ,1985,True,1.0,1_nonreciprocal,0.0,0.0,1.0,31.0,20.0
SWZ,1986,True,1.0,1_nonreciprocal,0.0,0.0,1.0,31.0,22.0
SWZ,1987,True,1.0,1_nonreciprocal,0.0,0.0,1.0,31.0,22.0
SWZ,1988,True,1.0,1_nonreciprocal,0.0,0.0,1.0,31.0,22.0
SWZ,1989,True,1.0,1_nonreciprocal,0.0,0.0,1.0,31.0,22.0
SWZ,1990,True,1.0,1_nonreciprocal,0.0,0.0,1.0,31.0,22.0
SWZ,1991,True,1.0,1_nonreciprocal,0.0,0.0,1.0,34.0,22.0
SWZ,1992,True,1.0,1_nonreciprocal,0.0,0.0,1.0,34.0,22.0
SWZ,1993,True,1.0,1_nonreciprocal,0.0,0.0,1.0,36.0,23.0
SWZ,1994,True,1.0,1_nonreciprocal,0.0,0.0,1.0,36.0,23.0
SWZ,1995,True,1.0,1_nonreciprocal,0.0,0.0,1.0,36.0,23.0
SWZ,1996,True,1.0,1_nonreciprocal,0.0,0.0,1.0,36.0,23.0
SWZ,1997,True,1.0,1_nonreciprocal,0.0,0.0,1.0,36.0,23.0
SWZ,1998,True,1.0,1_nonreciprocal,0.0,0.0,1.0,36.0,23.0
SWZ,1999,True,1.0,1_nonreciprocal,0.0,0.0,1.0,36.0,23.0
SWZ,2000,True,1.0,1_nonreciprocal,0.0,0.0,1.0,36.0,23.0
SWZ,2001,True,1.0,1_nonreciprocal,0.0,0.0,1.0,36.0,23.0
SWZ,2002,True,1.0,1_nonreciprocal,0.0,0.0,1.0,36.0,23.0
SWZ,2003,True,1.0,1_nonreciprocal,0.0,0.0,1.0,36.0,23.0
SWZ,2004,True,1.0,1_nonreciprocal,0.0,0.0,1.0,36.0,30.0
SWZ,2005,True,1.0,1_nonreciprocal,0.0,0.0,1.0,36.0,30.0
SWZ,2006,True,1.0,1_nonreciprocal,0.0,0.0,1.0,36.0,30.0
SWZ,2007,True,1.0,1_nonreciprocal,0.0,0.0,1.0,36.0,30.0
SWZ,2008,True,3.0,3_fta,1.0,1.0,0.0,36.0,31.0
SWZ,2009,True,3.0,3_fta,1.0,1.0,0.0,36.0,31.0
SWZ,2010,True,3.0,3_fta,1.0,1.0,0.0,36.0,31.0
SWZ,2011,True,3.0,3_fta,1.0,1.0,0.0,36.0,31.0
SWZ,2012,True,3.0,3_fta,1.0,1.0,0.0,36.0,31.0
SWZ,2013,True,3.0,3_fta,1.0,1.0,0.0,36.0,31.0
SWZ,2014,True,3.0,3_fta,1.0,1.0,0.0,36.0,31.0
SWZ,2015,True,3.0,3_fta,1.0,1.0,0.0,36.0,31.0
SWZ,2016,True,3.0,3_fta,1.0,1.0,0.0,36.0,31.0
SWZ,2017,True,3.0,3_fta,1.0,1.0,0.0,36.0,31.0
TZA,1950,False,,,,,,0.0,0.0
TZA,1951,False,,,,,,0.0,0.0
TZA,1952,False,,,,,,0.0,0.0
TZA,1953,False,,,,,,0.0,0.0
TZA,1954,False,,,,,,0.0,0.0
TZA,1955,False,,,,,,0.0,0.0
TZA,1956,False,,,,,,0.0,0.0
TZA,1957,False,,,,,,0.0,0.0
TZA,1958,False,,,,,,0.0,0.0
TZA,1959,False,,,,,,0.0,0.0
TZA,1960,False,,,,,,0.0,0.0
TZA,1961,False,,,,,,0.0,0.0
TZA,1962,False,,,,,,0.0,0.0
TZA,1963,False,,,,,,0.0,0.0
TZA,1964,True,1.0,1_nonreciprocal,0.0,0.0,1.0,30.0,1.0
TZA,1965,True,1.0,1_nonreciprocal,0.0,0.0,1.0,31.0,1.0
TZA,1966,True,1.0,1_nonreciprocal,0.0,0.0,1.0,31.0,1.0
TZA,1967,True,1.0,1_nonreciprocal,0.0,0.0,1.0,31.0,1.0
TZA,1968,True,1.0,1_nonreciprocal,0.0,0.0,1.0,31.0,1.0
TZA,1969,True,1.0,1_nonreciprocal,0.0,0.0,1.0,31.0,1.0
TZA,1970,True,1.0,1_nonreciprocal,0.0,0.0,1.0,31.0,1.0
TZA,1971,True,1.0,1_nonreciprocal,0.0,0.0,1.0,31.0,1.0
TZA,1972,True,1.0,1_nonreciprocal,0.0,0.0,1.0,31.0,15.0
TZA,1973,True,1.0,1_nonreciprocal,0.0,0.0,1.0,31.0,16.0
TZA,1974,True,1.0,1_nonreciprocal,0.0,0.0,1.0,31.0,18.0
TZA,1975,True,1.0,1_nonreciprocal,0.0,0.0,1.0,31.0,18.0
TZA,1976,True,1.0,1_nonreciprocal,0.0,0.0,1.0,31.0,19.0
TZA,1977,True,1.0,1_nonreciprocal,0.0,0.0,1.0,31.0,19.0
TZA,1978,True,1.0,1_nonreciprocal,0.0,0.0,1.0,31.0,19.0
TZA,1979,True,1.0,1_nonreciprocal,0.0,0.0,1.0,31.0,19.0
TZA,1980,True,1.0,1_nonreciprocal,0.0,0.0,1.0,31.0,19.0
TZA,1981,True,1.0,1_nonreciprocal,0.0,0.0,1.0,31.0,20.0
TZA,1982,True,1.0,1_nonreciprocal,0.0,0.0,1.0,31.0,20.0
TZA,1983,True,1.0,1_nonreciprocal,0.0,0.0,1.0,31.0,20.0
TZA,1984,True,1.0,1_nonreciprocal,0.0,0.0,1.0,31.0,20.0
TZA,1985,True,1.0,1_nonreciprocal,0.0,0.0,1.0,31.0,20.0
TZA,1986,True,1.0,1_nonreciprocal,0.0,0.0,1.0,31.0,22.0
TZA,1987,True,1.0,1_nonreciprocal,0.0,0.0,1.0,31.0,22.0
TZA,1988,True,1.0,1_nonreciprocal,0.0,0.0,1.0,31.0,22.0
TZA,1989,True,1.0,1_nonreciprocal,0.0,0.0,1.0,31.0,22.0
TZA,1990,True,1.0,1_nonreciprocal,0.0,0.0,1.0,31.0,22.0
TZA,1991,True,1.0,1_nonreciprocal,0.0,0.0,1.0,34.0,22.0
TZA,1992,True,1.0,1_nonreciprocal,0.0,0.0,1.0,34.0,22.0
TZA,1993,True,1.0,1_nonreciprocal,0.0,0.0,1.0,36.0,23.0
TZA,1994,True,1.0,1_nonreciprocal,0.0,0.0,1.0,36.0,23.0
TZA,1995,True,1.0,1_nonreciprocal,0.0,0.0,1.0,36.0,23.0
TZA,1996,True,1.0,1_nonreciprocal,0.0,0.0,1.0,36.0,23.0
TZA,1997,True,1.0,1_nonreciprocal,0.0,0.0,1.0,36.0,23.0
TZA,1998,True,1.0,1_nonreciprocal,0.0,0.0,1.0,36.0,23.0
TZA,1999,True,1.0,1_nonreciprocal,0.0,0.0,1.0,36.0,23.0
TZA,2000,True,1.0,1_nonreciprocal,0.0,0.0,1.0,36.0,24.0
TZA,2001,True,1.0,1_nonreciprocal,0.0,0.0,1.0,36.0,24.0
TZA,2002,True,1.0,1_nonreciprocal,0.0,0.0,1.0,36.0,24.0
TZA,2003,True,1.0,1_nonreciprocal,0.0,0.0,1.0,36.0,25.0
TZA,2004,True,1.0,1_nonreciprocal,0.0,0.0,1.0,36.0,32.0
TZA,2005,True,1.0,1_nonreciprocal,0.0,0.0,1.0,36.0,32.0
TZA,2006,True,1.0,1_nonreciprocal,0.0,0.0,1.0,36.0,32.0
TZA,2007,True,1.0,1_nonreciprocal,0.0,0.0,1.0,36.0,32.0
TZA,2008,True,1.0,1_nonreciprocal,0.0,0.0,1.0,36.0,32.0
TZA,2009,True,1.0,1_nonreciprocal,0.0,0.0,1.0,36.0,32.0
TZA,2010,True,2.0,2_reciprocal_pta,1.0,0.0,0.0,36.0,32.0
TZA,2011,True,2.0,2_reciprocal_pta,1.0,0.0,0.0,36.0,32.0
TZA,2012,True,2.0,2_reciprocal_pta,1.0,0.0,0.0,36.0,32.0
TZA,2013,True,2.0,2_reciprocal_pta,1.0,0.0,0.0,36.0,32.0
TZA,2014,True,2.0,2_reciprocal_pta,1.0,0.0,0.0,36.0,32.0
TZA,2015,True,2.0,2_reciprocal_pta,1.0,0.0,0.0,36.0,32.0
TZA,2016,True,2.0,2_reciprocal_pta,1.0,0.0,0.0,36.0,32.0
TZA,2017,True,2.0,2_reciprocal_pta,1.0,0.0,0.0,36.0,32.0
UGA,1950,False,,,,,,0.0,0.0
UGA,1951,False,,,,,,0.0,0.0
UGA,1952,False,,,,,,0.0,0.0
UGA,1953,False,,,,,,0.0,0.0
UGA,1954,False,,,,,,0.0,0.0
UGA,1955,False,,,,,,0.0,0.0
UGA,1956,False,,,,,,0.0,0.0
UGA,1957,False,,,,,,0.0,0.0
UGA,1958,False,,,,,,0.0,0.0
UGA,1959,False,,,,,,0.0,0.0
UGA,1960,False,,,,,,0.0,0.0
UGA,1961,False,,,,,,0.0,0.0
UGA,1962,True,1.0,1_nonreciprocal,0.0,0.0,1.0,29.0,1.0
UGA,1963,True,1.0,1_nonreciprocal,0.0,0.0,1.0,29.0,1.0
UGA,1964,True,1.0,1_nonreciprocal,0.0,0.0,1.0,30.0,1.0
UGA,1965,True,1.0,1_nonreciprocal,0.0,0.0,1.0,31.0,1.0
UGA,1966,True,1.0,1_nonreciprocal,0.0,0.0,1.0,31.0,1.0
UGA,1967,True,1.0,1_nonreciprocal,0.0,0.0,1.0,31.0,1.0
UGA,1968,True,1.0,1_nonreciprocal,0.0,0.0,1.0,31.0,1.0
UGA,1969,True,1.0,1_nonreciprocal,0.0,0.0,1.0,31.0,1.0
UGA,1970,True,1.0,1_nonreciprocal,0.0,0.0,1.0,31.0,1.0
UGA,1971,True,1.0,1_nonreciprocal,0.0,0.0,1.0,31.0,1.0
UGA,1972,True,1.0,1_nonreciprocal,0.0,0.0,1.0,31.0,15.0
UGA,1973,True,1.0,1_nonreciprocal,0.0,0.0,1.0,31.0,16.0
UGA,1974,True,1.0,1_nonreciprocal,0.0,0.0,1.0,31.0,18.0
UGA,1975,True,1.0,1_nonreciprocal,0.0,0.0,1.0,31.0,18.0
UGA,1976,True,1.0,1_nonreciprocal,0.0,0.0,1.0,31.0,19.0
UGA,1977,True,1.0,1_nonreciprocal,0.0,0.0,1.0,31.0,19.0
UGA,1978,True,1.0,1_nonreciprocal,0.0,0.0,1.0,31.0,19.0
UGA,1979,True,1.0,1_nonreciprocal,0.0,0.0,1.0,31.0,19.0
UGA,1980,True,1.0,1_nonreciprocal,0.0,0.0,1.0,31.0,19.0
UGA,1981,True,1.0,1_nonreciprocal,0.0,0.0,1.0,31.0,20.0
UGA,1982,True,1.0,1_nonreciprocal,0.0,0.0,1.0,31.0,20.0
UGA,1983,True,1.0,1_nonreciprocal,0.0,0.0,1.0,31.0,20.0
UGA,1984,True,1.0,1_nonreciprocal,0.0,0.0,1.0,31.0,20.0
UGA,1985,True,1.0,1_nonreciprocal,0.0,0.0,1.0,31.0,20.0
UGA,1986,True,1.0,1_nonreciprocal,0.0,0.0,1.0,31.0,22.0
UGA,1987,True,1.0,1_nonreciprocal,0.0,0.0,1.0,31.0,22.0
UGA,1988,True,1.0,1_nonreciprocal,0.0,0.0,1.0,31.0,22.0
UGA,1989,True,1.0,1_nonreciprocal,0.0,0.0,1.0,31.0,22.0
UGA,1990,True,1.0,1_nonreciprocal,0.0,0.0,1.0,31.0,22.0
UGA,1991,True,1.0,1_nonreciprocal,0.0,0.0,1.0,34.0,22.0
UGA,1992,True,1.0,1_nonreciprocal,0.0,0.0,1.0,34.0,22.0
UGA,1993,True,1.0,1_nonreciprocal,0.0,0.0,1.0,36.0,23.0
UGA,1994,True,1.0,1_nonreciprocal,0.0,0.0,1.0,36.0,23.0
UGA,1995,True,1.0,1_nonreciprocal,0.0,0.0,1.0,36.0,23.0
UGA,1996,True,1.0,1_nonreciprocal,0.0,0.0,1.0,36.0,23.0
UGA,1997,True,1.0,1_nonreciprocal,0.0,0.0,1.0,36.0,23.0
UGA,1998,True,1.0,1_nonreciprocal,0.0,0.0,1.0,36.0,23.0
UGA,1999,True,1.0,1_nonreciprocal,0.0,0.0,1.0,36.0,23.0
UGA,2000,True,1.0,1_nonreciprocal,0.0,0.0,1.0,36.0,24.0
UGA,2001,True,1.0,1_nonreciprocal,0.0,0.0,1.0,36.0,24.0
UGA,2002,True,1.0,1_nonreciprocal,0.0,0.0,1.0,36.0,24.0
UGA,2003,True,1.0,1_nonreciprocal,0.0,0.0,1.0,36.0,25.0
UGA,2004,True,1.0,1_nonreciprocal,0.0,0.0,1.0,36.0,32.0
UGA,2005,True,1.0,1_nonreciprocal,0.0,0.0,1.0,36.0,32.0
UGA,2006,True,1.0,1_nonreciprocal,0.0,0.0,1.0,36.0,32.0
UGA,2007,True,1.0,1_nonreciprocal,0.0,0.0,1.0,36.0,32.0
UGA,2008,True,1.0,1_nonreciprocal,0.0,0.0,1.0,36.0,32.0
UGA,2009,True,1.0,1_nonreciprocal,0.0,0.0,1.0,36.0,32.0
UGA,2010,True,2.0,2_reciprocal_pta,1.0,0.0,0.0,36.0,32.0
UGA,2011,True,2.0,2_reciprocal_pta,1.0,0.0,0.0,36.0,32.0
UGA,2012,True,2.0,2_reciprocal_pta,1.0,0.0,0.0,36.0,32.0
UGA,2013,True,2.0,2_reciprocal_pta,1.0,0.0,0.0,36.0,32.0
UGA,2014,True,2.0,2_reciprocal_pta,1.0,0.0,0.0,36.0,32.0
UGA,2015,True,2.0,2_reciprocal_pta,1.0,0.0,0.0,36.0,32.0
UGA,2016,True,2.0,2_reciprocal_pta,1.0,0.0,0.0,36.0,32.0
UGA,2017,True,2.0,2_reciprocal_pta,1.0,0.0,0.0,36.0,32.0
ZAF,1950,True,1.0,1_nonreciprocal,0.0,0.0,1.0,28.0,1.0
ZAF,1951,True,1.0,1_nonreciprocal,0.0,0.0,1.0,28.0,1.0
ZAF,1952,True,1.0,1_nonreciprocal,0.0,0.0,1.0,28.0,1.0
ZAF,1953,True,1.0,1_nonreciprocal,0.0,0.0,1.0,28.0,1.0
ZAF,1954,True,1.0,1_nonreciprocal,0.0,0.0,1.0,28.0,1.0
ZAF,1955,True,1.0,1_nonreciprocal,0.0,0.0,1.0,28.0,1.0
ZAF,1956,True,1.0,1_nonreciprocal,0.0,0.0,1.0,28.0,1.0
ZAF,1957,True,1.0,1_nonreciprocal,0.0,0.0,1.0,28.0,1.0
ZAF,1958,True,1.0,1_nonreciprocal,0.0,0.0,1.0,28.0,1.0
ZAF,1959,True,1.0,1_nonreciprocal,0.0,0.0,1.0,28.0,1.0
ZAF,1960,True,1.0,1_nonreciprocal,0.0,0.0,1.0,29.0,1.0
ZAF,1961,True,1.0,1_nonreciprocal,0.0,0.0,1.0,29.0,1.0
ZAF,1962,True,1.0,1_nonreciprocal,0.0,0.0,1.0,29.0,1.0
ZAF,1963,True,1.0,1_nonreciprocal,0.0,0.0,1.0,29.0,1.0
ZAF,1964,True,1.0,1_nonreciprocal,0.0,0.0,1.0,30.0,1.0
ZAF,1965,True,1.0,1_nonreciprocal,0.0,0.0,1.0,31.0,1.0
ZAF,1966,True,1.0,1_nonreciprocal,0.0,0.0,1.0,31.0,1.0
ZAF,1967,True,1.0,1_nonreciprocal,0.0,0.0,1.0,31.0,1.0
ZAF,1968,True,1.0,1_nonreciprocal,0.0,0.0,1.0,31.0,1.0
ZAF,1969,True,1.0,1_nonreciprocal,0.0,0.0,1.0,31.0,1.0
ZAF,1970,True,1.0,1_nonreciprocal,0.0,0.0,1.0,31.0,1.0
ZAF,1971,True,1.0,1_nonreciprocal,0.0,0.0,1.0,31.0,1.0
ZAF,1972,True,1.0,1_nonreciprocal,0.0,0.0,1.0,31.0,1.0
ZAF,1973,True,1.0,1_nonreciprocal,0.0,0.0,1.0,31.0,1.0
ZAF,1974,True,1.0,1_nonreciprocal,0.0,0.0,1.0,31.0,1.0
ZAF,1975,True,1.0,1_nonreciprocal,0.0,0.0,1.0,31.0,1.0
ZAF,1976,True,1.0,1_nonreciprocal,0.0,0.0,1.0,31.0,1.0
ZAF,1977,True,1.0,1_nonreciprocal,0.0,0.0,1.0,31.0,1.0
ZAF,1978,True,1.0,1_nonreciprocal,0.0,0.0,1.0,31.0,1.0
ZAF,1979,True,1.0,1_nonreciprocal,0.0,0.0,1.0,31.0,1.0
ZAF,1980,True,1.0,1_nonreciprocal,0.0,0.0,1.0,31.0,1.0
ZAF,1981,True,1.0,1_nonreciprocal,0.0,0.0,1.0,31.0,1.0
ZAF,1982,True,1.0,1_nonreciprocal,0.0,0.0,1.0,31.0,1.0
ZAF,1983,True,1.0,1_nonreciprocal,0.0,0.0,1.0,31.0,1.0
ZAF,1984,True,1.0,1_nonreciprocal,0.0,0.0,1.0,31.0,1.0
ZAF,1985,True,1.0,1_nonreciprocal,0.0,0.0,1.0,31.0,1.0
ZAF,1986,True,1.0,1_nonreciprocal,0.0,0.0,1.0,31.0,1.0
ZAF,1987,True,1.0,1_nonreciprocal,0.0,0.0,1.0,31.0,1.0
ZAF,1988,True,1.0,1_nonreciprocal,0.0,0.0,1.0,31.0,1.0
ZAF,1989,True,1.0,1_nonreciprocal,0.0,0.0,1.0,31.0,1.0
ZAF,1990,True,1.0,1_nonreciprocal,0.0,0.0,1.0,31.0,1.0
ZAF,1991,True,1.0,1_nonreciprocal,0.0,0.0,1.0,34.0,1.0
ZAF,1992,True,1.0,1_nonreciprocal,0.0,0.0,1.0,34.0,1.0
ZAF,1993,True,1.0,1_nonreciprocal,0.0,0.0,1.0,36.0,1.0
ZAF,1994,True,1.0,1_nonreciprocal,0.0,0.0,1.0,36.0,13.0
ZAF,1995,True,1.0,1_nonreciprocal,0.0,0.0,1.0,36.0,17.0
ZAF,1996,True,1.0,1_nonreciprocal,0.0,0.0,1.0,36.0,17.0
ZAF,1997,True,1.0,1_nonreciprocal,0.0,0.0,1.0,36.0,17.0
ZAF,1998,True,1.0,1_nonreciprocal,0.0,0.0,1.0,36.0,17.0
ZAF,1999,True,1.0,1_nonreciprocal,0.0,0.0,1.0,36.0,18.0
ZAF,2000,True,3.0,3_fta,1.0,1.0,0.0,36.0,19.0
ZAF,2001,True,3.0,3_fta,1.0,1.0,0.0,36.0,20.0
ZAF,2002,True,3.0,3_fta,1.0,1.0,0.0,36.0,21.0
ZAF,2003,True,3.0,3_fta,1.0,1.0,0.0,36.0,21.0
ZAF,2004,True,3.0,3_fta,1.0,1.0,0.0,36.0,28.0
ZAF,2005,True,3.0,3_fta,1.0,1.0,0.0,36.0,28.0
ZAF,2006,True,3.0,3_fta,1.0,1.0,0.0,36.0,28.0
ZAF,2007,True,3.0,3_fta,1.0,1.0,0.0,36.0,28.0
ZAF,2008,True,3.0,3_fta,1.0,1.0,0.0,36.0,29.0
ZAF,2009,True,3.0,3_fta,1.0,1.0,0.0,36.0,29.0
ZAF,2010,True,3.0,3_fta,1.0,1.0,0.0,36.0,29.0
ZAF,2011,True,3.0,3_fta,1.0,1.0,0.0,36.0,29.0
ZAF,2012,True,3.0,3_fta,1.0,1.0,0.0,36.0,29.0
ZAF,2013,True,3.0,3_fta,1.0,1.0,0.0,36.0,29.0
ZAF,2014,True,3.0,3_fta,1.0,1.0,0.0,36.0,29.0
ZAF,2015,True,3.0,3_fta,1.0,1.0,0.0,36.0,28.0
ZAF,2016,True,3.0,3_fta,1.0,1.0,0.0,36.0,28.0
ZAF,2017,True,3.0,3_fta,1.0,1.0,0.0,36.0,28.0
ZMB,1950,False,,,,,,0.0,0.0
ZMB,1951,False,,,,,,0.0,0.0
ZMB,1952,False,,,,,,0.0,0.0
ZMB,1953,False,,,,,,0.0,0.0
ZMB,1954,False,,,,,,0.0,0.0
ZMB,1955,False,,,,,,0.0,0.0
ZMB,1956,False,,,,,,0.0,0.0
ZMB,1957,False,,,,,,0.0,0.0
ZMB,1958,False,,,,,,0.0,0.0
ZMB,1959,False,,,,,,0.0,0.0
ZMB,1960,False,,,,,,0.0,0.0
ZMB,1961,False,,,,,,0.0,0.0
ZMB,1962,False,,,,,,0.0,0.0
ZMB,1963,False,,,,,,0.0,0.0
ZMB,1964,True,1.0,1_nonreciprocal,0.0,0.0,1.0,30.0,1.0
ZMB,1965,True,1.0,1_nonreciprocal,0.0,0.0,1.0,31.0,1.0
ZMB,1966,True,1.0,1_nonreciprocal,0.0,0.0,1.0,31.0,1.0
ZMB,1967,True,1.0,1_nonreciprocal,0.0,0.0,1.0,31.0,1.0
ZMB,1968,True,1.0,1_nonreciprocal,0.0,0.0,1.0,31.0,1.0
ZMB,1969,True,1.0,1_nonreciprocal,0.0,0.0,1.0,31.0,1.0
ZMB,1970,True,1.0,1_nonreciprocal,0.0,0.0,1.0,31.0,1.0
ZMB,1971,True,1.0,1_nonreciprocal,0.0,0.0,1.0,31.0,1.0
ZMB,1972,True,1.0,1_nonreciprocal,0.0,0.0,1.0,31.0,14.0
ZMB,1973,True,1.0,1_nonreciprocal,0.0,0.0,1.0,31.0,15.0
ZMB,1974,True,1.0,1_nonreciprocal,0.0,0.0,1.0,31.0,17.0
ZMB,1975,True,1.0,1_nonreciprocal,0.0,0.0,1.0,31.0,17.0
ZMB,1976,True,1.0,1_nonreciprocal,0.0,0.0,1.0,31.0,19.0
ZMB,1977,True,1.0,1_nonreciprocal,0.0,0.0,1.0,31.0,19.0
ZMB,1978,True,1.0,1_nonreciprocal,0.0,0.0,1.0,31.0,19.0
ZMB,1979,True,1.0,1_nonreciprocal,0.0,0.0,1.0,31.0,19.0
ZMB,1980,True,1.0,1_nonreciprocal,0.0,0.0,1.0,31.0,19.0
ZMB,1981,True,1.0,1_nonreciprocal,0.0,0.0,1.0,31.0,20.0
ZMB,1982,True,1.0,1_nonreciprocal,0.0,0.0,1.0,31.0,20.0
ZMB,1983,True,1.0,1_nonreciprocal,0.0,0.0,1.0,31.0,20.0
ZMB,1984,True,1.0,1_nonreciprocal,0.0,0.0,1.0,31.0,20.0
ZMB,1985,True,1.0,1_nonreciprocal,0.0,0.0,1.0,31.0,20.0
ZMB,1986,True,1.0,1_nonreciprocal,0.0,0.0,1.0,31.0,22.0
ZMB,1987,True,1.0,1_nonreciprocal,0.0,0.0,1.0,31.0,22.0
ZMB,1988,True,1.0,1_nonreciprocal,0.0,0.0,1.0,31.0,22.0
ZMB,1989,True,1.0,1_nonreciprocal,0.0,0.0,1.0,31.0,22.0
ZMB,1990,True,1.0,1_nonreciprocal,0.0,0.0,1.0,31.0,22.0
ZMB,1991,True,1.0,1_nonreciprocal,0.0,0.0,1.0,34.0,22.0
ZMB,1992,True,1.0,1_nonreciprocal,0.0,0.0,1.0,34.0,22.0
ZMB,1993,True,1.0,1_nonreciprocal,0.0,0.0,1.0,36.0,23.0
ZMB,1994,True,1.0,1_nonreciprocal,0.0,0.0,1.0,36.0,23.0
ZMB,1995,True,1.0,1_nonreciprocal,0.0,0.0,1.0,36.0,23.0
ZMB,1996,True,1.0,1_nonreciprocal,0.0,0.0,1.0,36.0,23.0
ZMB,1997,True,1.0,1_nonreciprocal,0.0,0.0,1.0,36.0,23.0
ZMB,1998,True,1.0,1_nonreciprocal,0.0,0.0,1.0,36.0,23.0
ZMB,1999,True,1.0,1_nonreciprocal,0.0,0.0,1.0,36.0,23.0
ZMB,2000,True,1.0,1_nonreciprocal,0.0,0.0,1.0,36.0,24.0
ZMB,2001,True,1.0,1_nonreciprocal,0.0,0.0,1.0,36.0,24.0
ZMB,2002,True,1.0,1_nonreciprocal,0.0,0.0,1.0,36.0,24.0
ZMB,2003,True,1.0,1_nonreciprocal,0.0,0.0,1.0,36.0,25.0
ZMB,2004,True,1.0,1_nonreciprocal,0.0,0.0,1.0,36.0,32.0
ZMB,2005,True,1.0,1_nonreciprocal,0.0,0.0,1.0,36.0,32.0
ZMB,2006,True,1.0,1_nonreciprocal,0.0,0.0,1.0,36.0,32.0
ZMB,2007,True,1.0,1_nonreciprocal,0.0,0.0,1.0,36.0,32.0
ZMB,2008,True,1.0,1_nonreciprocal,0.0,0.0,1.0,36.0,32.0
ZMB,2009,True,1.0,1_nonreciprocal,0.0,0.0,1.0,36.0,32.0
ZMB,2010,True,2.0,2_reciprocal_pta,1.0,0.0,0.0,36.0,32.0
ZMB,2011,True,2.0,2_reciprocal_pta,1.0,0.0,0.0,36.0,32.0
ZMB,2012,True,2.0,2_reciprocal_pta,1.0,0.0,0.0,36.0,32.0
ZMB,2013,True,2.0,2_reciprocal_pta,1.0,0.0,0.0,36.0,32.0
ZMB,2014,True,2.0,2_reciprocal_pta,1.0,0.0,0.0,36.0,32.0
ZMB,2015,True,2.0,2_reciprocal_pta,1.0,0.0,0.0,36.0,32.0
ZMB,2016,True,2.0,2_reciprocal_pta,1.0,0.0,0.0,36.0,32.0
ZMB,2017,True,2.0,2_reciprocal_pta,1.0,0.0,0.0,36.0,32.0
