iso3,year0,year1,Y0,Y1,within,structural_change,actual_change,decomposed_change,within_level,structural_change_level,short_series
AGO,2002,2005,737.2029754414305,825.6386596738698,0.11654164560567036,0.0034194603292113986,0.11996110593488161,0.11996110593488175,85.9148479033409,2.5208363290985765,False
AGO,2005,2008,825.6386596738698,935.3162676446102,0.17792765346071385,-0.04508793394701856,0.13283971951369553,0.13283971951369528,146.90394932222057,-37.22634135148038,False
AGO,2008,2011,935.3162676446102,875.968966609573,0.0029787189913987686,-0.06643030546330982,-0.06345158647191114,-0.06345158647191104,2.786044329397214,-62.13334536443429,False
AGO,2011,2014,875.968966609573,943.805516085225,0.08654085731464688,-0.009099130425379923,0.07744172688926695,0.07744172688926695,75.80710535141773,-7.9705558757657755,False
AGO,2014,2017,943.805516085225,896.4011346575719,-0.07827583170700418,0.028048978165948438,-0.05022685354105572,-0.050226853541055744,-73.8771617412293,26.472780313576173,False
BFA,1972,1975,214.11279977996048,235.39856134564735,0.10085196165008721,-0.0014381872864722295,0.09941377436361501,0.09941377436361498,21.593695872201376,-0.30793430651451315,False
BFA,1975,1978,235.39856134564735,319.0766948031552,0.3571932328271931,-0.0017189555879236502,0.3554742772392695,0.35547427723926944,84.08277312992212,-0.40463967241428866,False
BFA,1978,1981,319.0766948031552,429.51388492703063,0.34661515550698413,-0.0005002811755749662,0.34611487433140914,0.34611487433140914,110.59681818785015,-0.1596280639746972,False
BFA,1981,1984,429.51388492703063,409.3127819198578,-0.04355482200012722,-0.003477657544986198,-0.047032479545113574,-0.047032479545113415,-18.707400804579944,-1.4937022025928217,False
BFA,1984,1987,409.3127819198578,399.3528179663774,-0.017018891490173323,-0.007314489712250439,-0.02433338120242361,-0.024333381202423763,-6.966049821035037,-2.9939141324454073,False
BFA,1987,1990,399.3528179663774,393.72631564960216,-0.01309846531527028,-0.0009905859287576994,-0.014089051244027954,-0.01408905124402798,-5.2309090346880405,-0.39559328208722844,False
BFA,1990,1993,393.72631564960216,388.92809607502954,-0.010129514573692402,-0.0020571729395771144,-0.012186687513269501,-0.012186687513269515,-3.9882564524188595,-0.8099631221537589,False
BFA,1993,1996,388.92809607502954,416.2218285908549,0.02369446232368968,0.046482346169364225,0.07017680849305374,0.07017680849305391,9.215442119074147,18.07829039675127,False
BFA,1996,1999,416.2218285908549,504.5927751694925,0.10009878525276382,0.11221815852172033,0.21231694377448432,0.21231694377448415,41.66329943762866,46.70764714100886,False
BFA,1999,2002,504.5927751694925,547.7163972617798,-0.00509227381279955,0.09055450041285748,0.085462226600058,0.08546222660005794,-2.5695245751234577,45.69314666741071,False
BFA,2002,2005,547.7163972617798,632.2321417059118,0.05816734820589208,0.0961383195934563,0.15430566779934815,0.15430566779934837,31.85921039760266,52.65653404652946,False
BFA,2005,2008,632.2321417059118,702.1650512287837,-0.015831122672702903,0.12644383105886048,0.11061270838615764,0.11061270838615758,-10.008944592971975,79.94185411584385,False
BFA,2008,2011,702.1650512287837,722.1373097872554,-0.12199050868288264,0.1504343318602401,0.02844382317735752,0.02844382317735747,-85.65747177874167,105.62973033721333,False
BFA,2011,2014,722.1373097872554,665.9654285010874,-0.14632730748626985,0.0685417111393418,-0.077785596346928,-0.07778559634692805,-105.66840817654742,49.496526890379435,False
BFA,2014,2017,665.9654285010874,690.7072636390134,0.017114964003261027,0.02003686712649194,0.037151831129752906,0.03715183112975297,11.397974336212418,13.343860801713557,False
BWA,1969,1972,26.413502460424034,41.01321398157313,0.31603625017880244,0.23670042467240995,0.5527366748512124,0.5527366748512124,8.347624271680983,6.252087249468114,False
BWA,1972,1975,41.01321398157313,41.52592348423903,0.01972282694413152,-0.007221746124270565,0.012501080819861008,0.012501080819860955,0.8088965217812021,-0.2961870191153051,False
BWA,1975,1978,41.52592348423903,55.2526544752989,0.43473256181316483,-0.10417444680171217,0.3305581150114526,0.33055811501145266,18.052671097960697,-4.325940106900829,False
BWA,1978,1981,55.2526544752989,58.43998177686343,-0.06045743168534892,0.1181438420819654,0.057686410396616414,0.05768641039661648,-3.3404335833745713,6.527760884939112,False
BWA,1981,1984,58.43998177686343,79.39602134213541,0.35062716177757497,0.00796363390895826,0.35859079568653357,0.35859079568653324,20.490644944754827,0.46539462051713243,False
BWA,1984,1987,79.39602134213541,81.95232958982191,0.1298849757295554,-0.09768804439126072,0.03219693133829454,0.03219693133829468,10.312350305046522,-7.756042057360007,False
BWA,1987,1990,81.95232958982191,90.00285560394065,0.08507402438829392,0.013160230262089826,0.09823425465038357,0.09823425465038375,6.972014486202012,1.0785115279167339,False
BWA,1990,1993,90.00285560394065,89.74154695800502,-0.012477243929161143,0.009573906649669471,-0.0029033372794916874,-0.0029033372794916718,-1.1229875836914354,0.8616789377558085,False
BWA,1993,1996,89.74154695800502,98.50298483647762,0.0951187852602795,0.002510887677858599,0.09762967293813825,0.0976296729381381,8.536106934023769,0.22533094444882362,False
BWA,1996,1999,98.50298483647762,102.14041371120315,0.24608838288122964,-0.20916128995339667,0.03692709292783295,0.03692709292783297,24.240440247383063,-20.60301137265753,False
BWA,1999,2002,102.14041371120315,109.31098862706324,0.04993952128205088,0.0202635908390192,0.07020311212107017,0.07020311212107008,5.100843364288112,2.069731551571967,False
BWA,2002,2005,109.31098862706324,105.53298100900821,-0.06816333826544921,0.03360132702114075,-0.03456201124430841,-0.03456201124430846,-7.451001893917184,3.6729942758621488,False
BWA,2005,2008,105.53298100900821,113.2278556635188,0.1092984140031825,-0.03638400771105129,0.07291440629213114,0.07291440629213122,11.534587449312577,-3.839712794801984,False
BWA,2008,2011,113.2278556635188,112.53462424534416,0.0013572044681311255,-0.007479650346067168,-0.0061224458779359165,-0.006122445877936042,0.15367335162343387,-0.8469047697980817,False
BWA,2011,2014,112.53462424534416,116.32731675440715,0.027146587506951658,0.006555862156845159,0.03370244966379671,0.03370244966379682,3.054931024638159,0.7377614844248416,False
BWA,2014,2017,116.32731675440715,112.6145422020291,-0.03896546007613469,0.007048841899369509,-0.03191661817676534,-0.03191661817676518,-4.532747416757726,0.8199728643796937,False
CMR,1966,1969,465.21152374228245,535.2828414594907,0.1490775815928378,0.0015449076213938644,0.15062248921423166,0.15062248921423166,69.3526088886185,0.7187088285897049,False
CMR,1969,1972,535.2828414594907,604.5108230671967,0.1286846777890814,0.0006450452017591498,0.12932972299084075,0.12932972299084056,68.88269997923851,0.34528162846744814,False
CMR,1972,1975,604.5108230671967,794.7085536203145,0.31355573592493363,0.0010750751300004867,0.314630811054934,0.3146308110549341,189.5478360014222,0.6498945516956678,False
CMR,1975,1978,794.7085536203145,985.6318613807034,0.24171569967317752,-0.0014725226108027148,0.24024317706237464,0.2402431770623748,192.09353407459324,-1.1702263142042348,False
CMR,1978,1981,985.6318613807034,1321.9576782003824,0.34346451405797424,-0.002235876878426004,0.3412286371795484,0.3412286371795482,338.5295683091799,-2.2037514895010992,False
CMR,1981,1984,1321.9576782003824,1746.4826218144076,0.3223319175380415,-0.001198381559837775,0.32113353597820377,0.32113353597820377,426.1091533184665,-1.5842097044412977,False
CMR,1984,1987,1746.4826218144076,1479.0240323683834,-0.18434978354671785,0.03120850054433483,-0.1531412830023831,-0.15314128300238303,-321.9636932995903,54.50510385356626,False
CMR,1987,1990,1479.0240323683834,1463.3902825006674,-0.1142239118722078,0.10365359690397723,-0.0105703149682304,-0.010570314968230576,-168.93991073012364,153.30616086240738,False
CMR,1990,1993,1463.3902825006674,1514.0400006076652,-0.08652181828472194,0.12113303493189481,0.0346112166471727,0.03461121664717287,-126.61518810215064,177.26490620914876,False
CMR,1993,1996,1514.0400006076652,1645.313850933499,-0.017091188556830873,0.10379553604642575,0.0867043474895951,0.08670434748959488,-25.876743132969935,157.15059345880337,False
CMR,1996,1999,1645.313850933499,1798.0265414762523,-0.00318257258883717,0.09599932633834772,0.09281675374951044,0.09281675374951055,-5.236330762015079,157.94902130476856,False
CMR,1999,2002,1798.0265414762523,1753.94379834631,-0.0757059533217746,0.051188660549361734,-0.024517292772412966,-0.024517292772412866,-136.121313420313,92.03857029037076,False
CMR,2002,2005,1753.94379834631,1523.9379721524688,-0.1321404223296634,0.001004050451214405,-0.13113637187844904,-0.13113637187844898,-231.76687425597532,1.76104806213432,False
CMR,2005,2008,1523.9379721524688,1239.7069811560768,-0.18515369574124793,-0.0013571703112157049,-0.18651086605246348,-0.18651086605246364,-282.16274762445255,-2.0682433719395963,False
CMR,2008,2011,1239.7069811560768,1167.317934406516,-0.05839206712694732,5.2527334212605e-09,-0.05839206187421405,-0.0583920618742139,-72.38905326141085,6.5118502924884856e-06,False
CMR,2011,2014,1167.317934406516,1256.816921788915,0.07667062097299288,-3.016710618717346e-09,0.07667061795628248,0.07667061795628226,89.49899090385895,-3.5214604081433354e-06,False
CMR,2014,2017,1256.816921788915,1335.8780744782948,0.04824997695338843,0.01465588572138102,0.06290586267476944,0.06290586267476946,60.64138751094374,18.419765178436204,False
DZA,1999,2002,1189.5918392420554,1190.6497140488368,0.02698651860088256,-0.026097243160446117,0.0008892754404363411,0.0008892754404364427,32.10294229716382,-31.045067490382245,False
DZA,2002,2005,1190.6497140488368,1150.8089547756094,-0.04993252441842299,0.01647116395015577,-0.033461360468267184,-0.03346136046826722,-59.4521459205319,19.611386647304478,False
DZA,2005,2008,1150.8089547756094,1145.2832775057686,-0.04125842680817218,0.03645686765544719,-0.00480155915272507,-0.004801559152724996,-47.48056703079861,41.9548897609579,False
DZA,2008,2011,1145.2832775057686,1189.164312281918,0.024479608906765787,0.013834959757604095,0.038314568664369886,0.038314568664369886,28.036086720800128,15.844948055349231,False
DZA,2011,2014,1189.164312281918,1293.441003504708,0.09417784452039692,-0.006488792514883201,0.08768905200551373,0.08768905200551372,111.9929317112912,-7.716240488501139,False
DZA,2014,2017,1293.441003504708,1402.5978620948067,0.0886417069778493,-0.004249099743095435,0.0843926072347538,0.08439260723475386,114.65281842579968,-5.4959598357009565,False
EGY,1960,1963,9.719706651343108,11.762871807004114,0.16085992365807272,0.0493485969230164,0.21020852058108908,0.21020852058108913,1.563511269913914,0.47965388574709256,False
EGY,1963,1966,11.762871807004114,11.94162098879723,0.07014435500604083,-0.05494830554414999,0.015196049461890815,0.015196049461890834,0.8250990559210455,-0.6463498741279298,False
EGY,1966,1969,11.94162098879723,13.052604059424892,0.02872528600220988,0.06430924186213169,0.09303452786434165,0.09303452786434158,0.34302647823319277,0.7679565923944691,False
EGY,1969,1972,13.052604059424892,12.12463266956825,-0.028420848213448285,-0.042673883966570826,-0.07109473218001906,-0.0710947321800191,-0.3709660787631538,-0.5570053110934892,False
EGY,1972,1975,12.12463266956825,15.506470591320705,0.282290341323181,-0.003367423498167682,0.27892291782501316,0.27892291782501333,3.422666694710612,-0.04082877295815568,False
EGY,1975,1978,15.506470591320705,21.729512555359953,0.13866192415558234,0.2626571205226061,0.4013190446781884,0.40131904467818846,2.1501570490544797,4.072884914984769,False
EGY,1978,1981,21.729512555359953,21.62439927518792,-0.004117980222336653,-0.0007193708182925298,-0.004837351040629131,-0.0048373510406291825,-0.08948170294398827,-0.01563157722804709,False
EGY,1981,1984,21.62439927518792,28.078252178288114,0.24622564416500956,0.052226711480560704,0.2984523556455702,0.29845235564557027,5.324481641214511,1.1293712618856855,False
EGY,1984,1987,28.078252178288114,30.610798870111548,0.13193506270579178,-0.04173903925879965,0.09019602344699218,0.09019602344699212,3.704505961811477,-1.1719592699880443,False
EGY,1987,1990,30.610798870111548,31.743128790152873,0.02553022710140161,0.01146096430284941,0.03699119140425096,0.036991191404251014,0.7815006469092756,0.3508292731320515,False
EGY,1990,1993,31.743128790152873,32.086994948560964,-0.0033564600244731777,0.014189234596926822,0.010832774572453682,0.010832774572453645,-0.10654454283585174,0.450410701243941,False
EGY,1993,1996,32.086994948560964,35.640852343658935,0.071351848765629,0.039405091882605596,0.11075694064823463,0.1107569406482346,2.2894664109132234,1.2643909841847465,False
EGY,1996,1999,35.640852343658935,34.50631744782011,-0.0009177129932845281,-0.03091471584145071,-0.031832428834735124,-0.031832428834735235,-0.03270807328751113,-1.1018268225513186,False
EGY,1999,2002,34.50631744782011,37.084069952236746,0.10407529177376151,-0.029371507218522372,0.07470378455523896,0.07470378455523914,3.5912550564199157,-1.0135025520032728,False
EGY,2002,2005,37.084069952236746,37.956098175524104,0.034742332444333904,-0.011227431722527914,0.023514900721806068,0.02351490072180599,1.2883870866695428,-0.4163588633821871,False
EGY,2005,2008,37.956098175524104,43.90235678532824,0.16115452033891603,-0.0044930378465305254,0.15666148249238546,0.1566614824923855,6.116796795413393,-0.17053818560925804,False
EGY,2008,2011,43.90235678532824,46.52375441801265,0.019301623133671963,0.0404081014604405,0.05970972459411245,0.05970972459411246,0.8473867453504118,1.7740108873340017,False
EGY,2011,2014,46.52375441801265,47.055610690733545,0.012390343415616288,-0.0009584140845867976,0.011431929331029544,0.01143192933102949,0.5764452942229722,-0.04458902150208058,False
EGY,2014,2017,47.055610690733545,50.27432411202384,0.09659566359329248,-0.028193333370763976,0.06840233022252845,0.0684023302225285,4.545367940459035,-1.3266545191687362,False
ETH,1963,1966,7.564288978528772,7.711923375987706,-0.007493093870835448,0.027010380674392934,0.019517286803557396,0.019517286803557486,-0.056679927382242076,0.204314324841177,False
ETH,1966,1969,7.711923375987706,8.15061212917135,-0.001496972421878744,0.05838145269946662,0.05688448027758811,0.05688448027758787,-0.011544536613495616,0.45023328979713717,False
ETH,1969,1972,8.15061212917135,8.248343063252882,-0.0025059499201765148,0.014496574983998475,0.011990625063821859,0.01199062506382196,-0.02042502581448668,0.11815595989601993,False
ETH,1972,1975,8.248343063252882,7.601811304269867,-0.07412320520454257,-0.004260023284506675,-0.0783832284890493,-0.07838322848904924,-0.6113936254749587,-0.03513813350805639,False
ETH,1975,1978,7.601811304269867,6.892821734752427,-0.053288886972209584,-0.03997698627029078,-0.09326587324250031,-0.09326587324250037,-0.405092063377302,-0.3038975061401377,False
ETH,1978,1981,6.892821734752427,7.006091544475154,0.0010809310953922336,0.015352079082665908,0.01643301017805813,0.016433010178058143,0.007450665348089337,0.10581914437463769,False
ETH,1981,1984,7.006091544475154,6.017166083204287,-0.14244580070553817,0.0012935683955405486,-0.14115223230999774,-0.14115223230999763,-0.9979883198690639,0.00906285859819693,False
ETH,1984,1987,6.017166083204287,6.114475680977815,-0.009246220589814358,0.02541821857490375,0.01617199798508949,0.016171997985089392,-0.05563604493085609,0.15294564270438404,False
ETH,1987,1990,6.114475680977815,5.737119665738532,-0.05802022712571601,-0.0036949607215823964,-0.06171518784729836,-0.0617151878472984,-0.3547632677649999,-0.022592747474283803,False
ETH,1990,1993,5.737119665738532,5.765080652313113,-0.001158158509944774,0.006031856149818287,0.004873697639873434,0.0048736976398735124,-0.006644493963446598,0.034605480538028394,False
ETH,1993,1996,5.765080652313113,5.843896939134951,-0.026705059088650063,0.040376383320725615,0.013671324232075528,0.013671324232075552,-0.15395681947085493,0.23277310629269313,False
ETH,1996,1999,5.843896939134951,5.680141982650189,-0.061529142947640815,0.03350760899687227,-0.028021533950768552,-0.02802153395076854,-0.359569970139315,0.19581501365455262,False
ETH,1999,2002,5.680141982650189,6.111276854606937,0.016418928303970615,0.05948320112758873,0.07590212943155934,0.07590212943155934,0.09326184396950694,0.3378730279872418,False
ETH,2002,2005,6.111276854606937,6.975672737770687,0.05965407934828175,0.08178868355193472,0.1414427629002164,0.14144276290021646,0.36456259440403993,0.4998332887597098,False
ETH,2005,2008,6.975672737770687,8.793267431510486,0.1136504729375694,0.1469114487675869,0.2605619217051564,0.2605619217051563,0.7927885057053481,1.024806188034451,False
ETH,2008,2011,8.793267431510486,10.606904375465374,0.07504144609059256,0.13121145797277742,0.20625290406337002,0.20625290406337,0.6598595039218574,1.1537774400330305,False
ETH,2011,2014,10.606904375465374,12.55034799259241,0.025641234561009533,0.15758315856375338,0.18322439312476294,0.1832243931247629,0.271974123057506,1.6714694940695296,False
ETH,2014,2017,12.55034799259241,15.020983049303663,0.08591061513558075,0.11094727742401159,0.19685789255959235,0.19685789255959235,1.078208116209215,1.392426940502037,False
GHA,1960,1963,3.2122796354226324,3.38825442169386,0.03194452799697173,0.022837373407472848,0.054781901404444555,0.054781901404444576,0.10261475674786041,0.0733600295233674,False
GHA,1963,1966,3.38825442169386,3.2194876557255507,0.013207103644758843,-0.06301645824568616,-0.04980935460092732,-0.04980935460092732,0.04474902732212325,-0.21351579329043266,False
GHA,1966,1969,3.2194876557255507,3.1387717855554236,-0.022169634597122363,-0.002901394958335457,-0.025071029555457904,-0.02507102955545782,-0.07137486491738154,-0.009341005252745352,False
GHA,1969,1972,3.1387717855554236,3.1326722760511023,-0.022406740645811364,0.020463461579652037,-0.0019432790661592849,-0.0019432790661593272,-0.07032964534533062,0.06423013584100923,False
GHA,1972,1975,3.1326722760511023,2.6657061165082405,-0.151289738688762,0.002226536925602412,-0.14906320176315957,-0.1490632017631596,-0.47394117004130054,0.0069750104984387315,False
GHA,1975,1978,2.6657061165082405,2.524125814415723,-0.04576162983887266,-0.0073501146312833915,-0.053111744470155965,-0.05311174447015605,-0.12198705656286885,-0.019593245529648848,False
GHA,1978,1981,2.524125814415723,2.226697497968198,-0.07824027122622079,-0.03959391704952205,-0.11783418827574287,-0.11783418827574285,-0.19748828832899162,-0.09994002811853343,False
GHA,1981,1984,2.226697497968198,1.9015343544352659,-0.11980294548854929,-0.02622638441802059,-0.14602932990657005,-0.1460293299065699,-0.26676491896857313,-0.05839822456435858,False
GHA,1984,1987,1.9015343544352659,2.0314564425798807,0.013856500733977588,0.05446836956961457,0.06832487030359238,0.06832487030359216,0.02634861217791586,0.10357347596669852,False
GHA,1987,1990,2.0314564425798807,2.270818926899452,0.04887715703901092,0.06895085999471355,0.11782801703372443,0.11782801703372447,0.09929181556188729,0.1400706687576842,False
GHA,1990,1993,2.270818926899452,2.523672094469239,0.1039021973375645,0.007446692956841029,0.11134889029440559,0.11134889029440553,0.23594307626058333,0.016910091309203453,False
GHA,1993,1996,2.523672094469239,2.724542638851085,0.056068790141078975,0.02352575973014418,0.07959454987122311,0.07959454987122316,0.141499241049693,0.05937130333215304,False
GHA,1996,1999,2.724542638851085,2.9866606844250514,0.06299783806760018,0.03320841755719683,0.096206255624797,0.09620625562479701,0.1716402959706127,0.09047774960335375,False
GHA,1999,2002,2.9866606844250514,3.24265449628457,0.05398357805772253,0.03172880741495092,0.08571238547267335,0.08571238547267346,0.16123063018959077,0.09476318166992796,False
GHA,2002,2005,3.24265449628457,3.5554281686703044,0.07300087773317418,0.023455180950879367,0.09645605868405356,0.09645605868405355,0.23671662441419739,0.07605704797153717,False
GHA,2005,2008,3.5554281686703044,4.0389377067634245,0.0676118301417605,0.06838009970615638,0.135991929847917,0.1359919298479169,0.24038900542136724,0.24312053267175243,False
GHA,2008,2011,4.0389377067634245,4.912108617653653,0.1265212174786367,0.08966704148560925,0.21618825896424576,0.21618825896424596,0.5110113159800814,0.3621595949101475,False
GHA,2011,2014,4.912108617653653,5.947430567044657,0.14493495065781428,0.06583440115785094,0.21076935181566542,0.21076935181566522,0.7119362201254564,0.3233857292655472,False
GHA,2014,2017,5.947430567044657,6.274554589201632,0.07287473995041285,-0.017872160522314294,0.05500257942809846,0.05500257942809856,0.4334174559465158,-0.10629343378954084,False
KEN,1969,1972,157.81975669787533,174.01235189502358,0.11044931353990753,-0.007847487659851252,0.10260182588005627,0.10260182588005627,17.431083790315554,-1.2384885931673035,False
KEN,1972,1975,174.01235189502358,170.13653138552473,-0.035798515904580976,0.013525266521473758,-0.022273249383107107,-0.022273249383107218,-6.229383946907544,2.353563437408673,False
KEN,1975,1978,170.13653138552473,181.2984548431028,0.0501434450459539,0.015462238616924365,0.06560568366287811,0.06560568366287826,8.531231811839271,2.6306916457388247,False
KEN,1978,1981,181.2984548431028,177.61199303790454,-0.053635189325247565,0.033301525652335635,-0.02033366367291193,-0.02033366367291193,-9.723976949884666,6.0375151446864015,False
KEN,1981,1984,177.61199303790454,177.16013227297609,-0.040072148898490416,0.0375280596328966,-0.002544089265593806,-0.002544089265593817,-7.117294231172554,6.665433466244098,False
KEN,1984,1987,177.16013227297609,185.9571834877696,0.01258134519120814,0.03707458530470429,0.049655930495912284,0.04965593049591243,2.2289127782464058,6.568138436547147,False
KEN,1987,1990,185.9571834877696,196.44354885342236,-0.014808771967573076,0.07120006145138259,0.05639128948380976,0.05639128948380952,-2.7537975260025256,13.240162891655226,False
KEN,1990,1993,196.44354885342236,184.64322905030832,-0.1636143549344862,0.10354457981594094,-0.060069775118545235,-0.06006977511854526,-32.14098452669393,20.340664723579884,False
KEN,1993,1996,184.64322905030832,182.47792533993942,-0.1418595307816381,0.1301325710577105,-0.011726959723927594,-0.011726959723927594,-26.193401835083268,24.028098124714365,False
KEN,1996,1999,182.47792533993942,178.37533265275272,-0.11548163053629436,0.09299895116812468,-0.022482679368169882,-0.02248267936816968,-21.07284835513639,16.970255667949726,False
KEN,1999,2002,178.37533265275272,172.75709839425062,-0.006746399585480737,-0.024750299957831425,-0.03149669954331209,-0.03149669954331216,-1.2033912702685194,-4.414842988233592,False
KEN,2002,2005,172.75709839425062,180.67374212796267,0.045946898137580953,-0.00012161045159881192,0.0458252876859821,0.04582528768598214,7.937652802464683,-0.021009068752625204,False
KEN,2005,2008,180.67374212796267,189.6666439820524,0.0329086568982322,0.01686560331341759,0.04977426021164977,0.04977426021164979,5.945730190208804,3.0471716638809228,False
KEN,2008,2011,189.6666439820524,217.05967917621786,0.12358538872461411,0.020841879133605613,0.14442726785821963,0.14442726785821972,23.440025924614936,3.9530092695505425,False
KEN,2011,2014,217.05967917621786,221.04310326095023,-0.00821987836208058,0.02657162429596469,0.018351745933884254,0.018351745933884108,-1.784204160140746,5.767628244873091,False
KEN,2014,2017,221.04310326095023,234.83391261590617,0.037570723249963786,0.02481896071441363,0.06238968396437747,0.06238968396437741,8.304749258930329,5.486060096025599,False
LSO,1972,1975,13.5200823669571,11.598871778746362,-0.11877774481114087,-0.02332276434745342,-0.14210050915859435,-0.1421005091585943,-1.6058848932080358,-0.3153256950027007,False
LSO,1975,1978,11.598871778746362,11.596036791814026,-0.024561000041730698,0.02431658084420736,-0.0002444191975232922,-0.00024441919752333716,-0.2848798902418184,0.2820449033094812,False
LSO,1978,1981,11.596036791814026,11.898872591724768,-0.02391820501136324,0.050033661985811856,0.02611545697444859,0.026115456974448614,-0.2773563853059188,0.580192185216661,False
LSO,1981,1984,11.898872591724768,11.715945581870729,-0.07533791540228081,0.05996444128161008,-0.015373474120670711,-0.015373474120670728,-0.8964362566978783,0.7135092468438394,False
LSO,1984,1987,11.715945581870729,12.279247122848481,-0.01007769712650094,0.05815760130849065,0.04807990418198989,0.048079904181989715,-0.11806975112466003,0.6813712921024104,False
LSO,1987,1990,12.279247122848481,16.213211756496445,0.2689005782604495,0.051474489876088055,0.3203750681365375,0.32037506813653754,3.301896651936917,0.6320679817110475,False
LSO,1990,1993,16.213211756496445,20.807604711258207,0.22510300258841204,0.058270398299961765,0.28337340088837376,0.2833734008883738,3.6496426479890918,0.9447503067726706,False
LSO,1993,1996,20.807604711258207,25.752724341440594,0.19183486555918688,0.04582437964488848,0.23765924520407528,0.23765924520407536,3.991624052392922,0.9534955777894663,False
LSO,1996,1999,25.752724341440594,23.52050620208213,-0.05598769146400831,-0.030691221017745626,-0.08667891248175388,-0.08667891248175394,-1.4418355847862325,-0.7903825545722309,False
LSO,1999,2002,23.52050620208213,23.11799707423095,0.001022522971789593,-0.01813563798695664,-0.017113115015167088,-0.017113115015167046,0.024050257899748573,-0.42655938575093,False
LSO,2002,2005,23.11799707423095,21.967467126354784,-0.03661786313545911,-0.01314985437838343,-0.0497677175138426,-0.04976771751384254,-0.846531652830133,-0.30399829504603115,False
LSO,2005,2008,21.967467126354784,24.0166854528967,0.04083956968043057,0.05244466353384966,0.09328423321428028,0.09328423321428023,0.8971419044093342,1.1520764221325799,False
LSO,2008,2011,24.0166854528967,26.695000863601237,0.042423157263788126,0.06909578717829368,0.11151894444208169,0.1115189444420818,1.0188636239231692,1.659451786781372,False
LSO,2011,2014,26.695000863601237,28.633529816794322,0.0339172653007016,0.03870041181038162,0.07261767711108333,0.07261767711108322,0.9054214264932213,1.0331075266998608,False
LSO,2014,2017,28.633529816794322,27.83699902355336,-0.05970940794579012,0.031891294065405924,-0.02781811388038422,-0.027818113880384195,-1.7096911127589172,0.9131603195179564,False
MAR,1972,1975,57.59005462799736,64.91999358256737,0.09870657131420771,0.028571289453900837,0.12727786076810851,0.12727786076810854,5.684516834127539,1.6454221204424742,False
MAR,1975,1978,64.91999358256737,74.23454068504849,0.1075423801287711,0.0359349461687828,0.14347732629755375,0.1434773262975539,6.98165062781384,2.3328964746672836,False
MAR,1978,1981,74.23454068504849,70.94001305207047,-0.09067550995071465,0.04629552722871499,-0.04437998272199945,-0.04437998272199966,-6.731254832573845,3.4367271995958126,False
MAR,1981,1984,70.94001305207047,73.80965079074157,-0.051647520374683634,0.09209913033653655,0.040451609961852805,0.040451609961852916,-3.6638757694871327,6.533513508158242,False
MAR,1984,1987,73.80965079074157,70.67758714313021,-0.06503547694262556,0.022601139236691745,-0.042434337705933654,-0.042434337705933814,-4.800245842144518,1.6681821945331452,False
MAR,1987,1990,70.67758714313021,79.6151160633615,0.08963826637428302,0.03681665776074425,0.12645492413502696,0.12645492413502726,6.335416383027506,2.6021125372038028,False
MAR,1990,1993,79.6151160633615,75.5179257054136,-0.04884538515734216,-0.0026170827826300057,-0.05146246793997205,-0.05146246793997217,-3.888831008461391,-0.20835934948651297,False
MAR,1993,1996,75.5179257054136,79.02888589100351,0.015199860614262815,0.03129188492554102,0.046491745539803946,0.046491745539803835,1.1478619446005416,2.3630982409893586,False
MAR,1996,1999,79.02888589100351,76.55169494495586,-0.038567264556564354,0.00722187839656981,-0.03134538615999463,-0.03134538615999454,-3.0479279497688685,0.5707370037212189,False
MAR,1999,2002,76.55169494495586,79.02651209806297,-0.0026294878043884896,0.03495819267351789,0.032328704869129504,0.03232870486912941,-0.20129174826302942,2.6761089013701325,False
MAR,2002,2005,79.02651209806297,87.23263251360743,0.10693936743420852,-0.0030992738038379554,0.10384009363037044,0.10384009363037057,8.45104521429868,-0.2449247987542098,False
MAR,2005,2008,87.23263251360743,93.66497992110764,0.09348220833749722,-0.01974435104542432,0.07373785729207283,0.0737378572920729,8.154699126465383,-1.7223517189651603,False
MAR,2008,2011,93.66497992110764,97.32248308564385,0.02631768146979207,0.012731098208769364,0.03904877967856139,0.039048779678561435,2.465045106438181,1.192458058098032,False
MAR,2011,2014,97.32248308564385,104.1007447106098,0.05760572989324004,0.012041708294306758,0.0696474381875468,0.06964743818754679,5.606332673171022,1.1719289517949267,False
MAR,2014,2017,104.1007447106098,112.6307359981539,0.06353928454101375,0.018400487467886414,0.08193977200890022,0.08193977200890017,6.614486839098868,1.9155044484452186,False
MOZ,1972,1975,23.01002086344275,18.43843023015568,-0.19985408731889906,0.0011758392452434893,-0.19867824807365558,-0.19867824807365558,-4.5986467188521765,0.02705608556510747,False
MOZ,1975,1978,18.43843023015568,14.653872018020984,-0.2020490841330467,-0.0032047343804799135,-0.20525381851352667,-0.20525381851352661,-3.725467940854037,-0.05909027128066008,False
MOZ,1978,1981,14.653872018020984,10.150841467255308,-0.30505964648594347,-0.002233234551092684,-0.30729288103703617,-0.30729288103703617,-4.47030501746774,-0.032725533297934734,False
MOZ,1981,1984,10.150841467255308,8.209030942013312,-0.19368441411582626,0.0023888913253355625,-0.19129552279049072,-0.1912955227904907,-1.9660597823679786,0.02424925712598272,False
MOZ,1984,1987,8.209030942013312,9.46135273453003,0.15485419914550136,-0.0023000424657632357,0.15255415667973815,0.15255415667973812,1.2712029122861122,-0.018881119769394994,False
MOZ,1987,1990,9.46135273453003,10.796975581503297,0.15552346579688714,-0.01435730441926569,0.14116616137762159,0.14116616137762145,1.4714623684009656,-0.1358395214276995,False
MOZ,1990,1993,10.796975581503297,15.596650943660608,0.45003300766014753,-0.005494134164887036,0.4445388734952605,0.4445388734952605,4.858995394577099,-0.05932003241978834,False
MOZ,1993,1996,15.596650943660608,16.04165264323806,-0.04305483194082802,0.07158670722513892,0.028531875284310716,0.0285318752843109,-0.6715111852190643,1.1165128847965187,False
MOZ,1996,1999,16.04165264323806,19.111310373123175,0.09702158310423398,0.0943338712341349,0.1913554543383689,0.19135545433836887,1.556386535055176,1.5132711948299389,False
MOZ,1999,2002,19.111310373123175,21.799218178006832,0.07167072532711741,0.06897414686666711,0.14064487219378455,0.14064487219378452,1.3697214763934007,1.3181863284902566,False
MOZ,2002,2005,21.799218178006832,24.849455402832774,0.04862357908905625,0.09130057781962199,0.13992415690867838,0.13992415690867824,1.0599560091579079,1.9902812156680312,False
MOZ,2005,2008,24.849455402832774,29.77167621391861,0.10308676190663686,0.0949948753482672,0.19808163725490402,0.19808163725490407,2.5616498926214133,2.360570918464424,False
MOZ,2008,2011,29.77167621391861,34.22179491373394,0.06576430505644175,0.08371060753631471,0.14947491259275633,0.14947491259275647,1.9579135965737544,2.4922051032415764,False
MOZ,2011,2014,34.22179491373394,38.449363207231144,0.04299969597038223,0.08053468626041624,0.12353438223079857,0.12353438223079846,1.4715267768513323,2.7560415166458707,False
MOZ,2014,2017,38.449363207231144,39.99453200411182,0.011871388538931328,0.028315721675421266,0.04018711021435265,0.040187110214352596,0.4564473297075317,1.0887214671731398,False
MUS,1972,1975,142.80472691902995,226.07625109677718,0.5278740123662373,0.05524060837710874,0.583114620743346,0.5831146207433461,75.38290418361316,7.888619994134091,False
MUS,1975,1978,226.07625109677718,241.12095664372615,0.011713395499499799,0.05483364548318476,0.06654704098268475,0.06654704098268456,2.6481205421407763,12.396585004808141,False
MUS,1978,1981,241.12095664372615,219.48654102741514,-0.11454336568494591,0.024819038453292627,-0.08972432723165343,-0.08972432723165329,-27.618805911146314,5.984390294835344,False
MUS,1981,1984,219.48654102741514,235.12810352678278,0.05382786182229697,0.017436473686156386,0.07126433550845342,0.07126433550845336,11.814491202277617,3.827071297090008,False
MUS,1984,1987,235.12810352678278,257.98296318541816,0.06905980310588732,0.028141932100691415,0.09720173520657875,0.09720173520657874,16.23790053422031,6.616959124415063,False
MUS,1987,1990,257.98296318541816,250.40120253456197,-0.037461539359278144,0.008072929517600332,-0.029388609841677803,-0.029388609841677814,-9.664438929393746,2.082678278537562,False
MUS,1990,1993,250.40120253456197,288.27915015285885,0.10091005954937356,0.0503589728470212,0.1512690323963948,0.15126903239639475,25.268000258997397,12.609947359299461,False
MUS,1993,1996,288.27915015285885,312.3124481840573,0.03911803845243165,0.04425010668902195,0.08336814514145369,0.0833681451414536,11.27691488071385,12.756383150484583,False
MUS,1996,1999,312.3124481840573,353.4799564507421,0.09754594571585459,0.03426919167637413,0.1318151373922287,0.13181513739222872,30.464813116947703,10.702695149737123,False
MUS,1999,2002,353.4799564507421,391.57638018298235,0.09357029978306478,0.014205043732201935,0.10777534351526664,0.10777534351526671,33.07522549240062,5.021198239839627,False
MUS,2002,2005,391.57638018298235,441.0425544094789,0.09574973429805239,0.03057600119033726,0.12632573548838968,0.12632573548838966,37.49333435991371,11.972839866582824,False
MUS,2005,2008,441.0425544094789,496.9954044965168,0.09120473223826259,0.035660236975318976,0.12686496921358156,0.12686496921358156,40.22516808059588,15.72768200644203,False
MUS,2008,2011,496.9954044965168,543.5813287985443,0.042563609847740796,0.051171511001558624,0.09373512084929947,0.09373512084929941,21.153918493109863,25.432005808917587,False
MUS,2011,2014,543.5813287985443,576.2690504811718,0.05048865409679797,0.009645349686731374,0.06013400378352923,0.060134003783529344,27.44468968318751,5.243031999440063,False
MUS,2014,2017,576.2690504811718,625.4519169796749,0.07538223869683837,0.009964816567428583,0.08534705526426681,0.08534705526426695,43.44045111697209,5.742415381531119,False
MWI,1966,1969,129.76965073471683,114.8216979816807,-0.06788287158901007,-0.047305484612962474,-0.11518835620197257,-0.11518835620197254,-8.809136536975469,-6.138816216060661,False
MWI,1969,1972,114.8216979816807,130.04490287906518,0.11611057320724584,0.016470682469823757,0.1325812556770696,0.1325812556770696,13.33201316928221,1.891191728102266,False
MWI,1972,1975,130.04490287906518,148.62038901907292,0.014401081221892863,0.12843793613876409,0.14283901736065696,0.14283901736065696,1.8727872088545867,16.70269893115315,False
MWI,1975,1978,148.62038901907292,163.58198612023472,0.11546061936258308,-0.01479073685244003,0.10066988251014289,0.10066988251014304,17.1598021660502,-2.1982050648883753,False
MWI,1978,1981,163.58198612023472,143.01630319288336,0.0007382980112532261,-0.12645924941378345,-0.12572095140252998,-0.12572095140253023,0.12077225502942213,-20.686455182380826,False
MWI,1981,1984,143.01630319288336,138.34169569190362,-0.08669926432390199,0.054013427838007305,-0.03268583648589475,-0.03268583648589468,-12.399408273147102,7.724800772167379,False
MWI,1984,1987,138.34169569190362,132.6605567854791,-0.06683786443428798,0.02577187288336166,-0.041065991550926335,-0.041065991550926315,-9.246463502264975,3.5653245958404414,False
MWI,1987,1990,132.6605567854791,128.61326875910837,-0.10284183770554366,0.07233323647213073,-0.030508601233413,-0.030508601233412924,-13.643055450859299,9.595767424488587,False
MWI,1990,1993,128.61326875910837,132.40169840977288,-0.020418628756455726,0.04987460703316229,0.029455978276706506,0.02945597827670656,-2.6261065879464986,6.414536238611017,False
MWI,1993,1996,132.40169840977288,134.64125820592028,-0.03175693396762628,0.0486718211861883,0.016914887218562272,0.01691488721856202,-4.204671993600726,6.444231789748097,False
MWI,1996,1999,134.64125820592028,141.54559038678636,0.0052321312691924705,0.04604733739342672,0.05127946866261897,0.05127946866261919,0.7044607371826128,6.199871443683495,False
MWI,1999,2002,141.54559038678636,138.1875760876888,-0.04995154795893501,0.026227641831435916,-0.023723906127499122,-0.02372390612749909,-7.070421346581329,3.7124070474837714,False
MWI,2002,2005,138.1875760876888,143.52304486347822,-0.056863513961817075,0.0954738501935179,0.03861033623170095,0.03861033623170082,-7.857831162211951,13.193299938001356,False
MWI,2005,2008,143.52304486347822,158.80519621224116,-0.008944501863441097,0.1154232305115102,0.10647872864806905,0.1064787286480691,-1.283742142228121,16.565893490991066,False
MWI,2008,2011,158.80519621224116,159.5825771570532,-0.03192098446768296,0.0368161702887634,0.004895185821080387,0.004895185821080436,-5.069218201678295,5.846599146490354,False
MWI,2011,2014,159.5825771570532,148.0348434981867,-0.038923381868284264,-0.033438738512199445,-0.07236212038048374,-0.0723621203804837,-6.21149359020892,-5.336240068657594,False
MWI,2014,2017,148.0348434981867,138.725244018201,-0.051076550337750506,-0.011811343214821877,-0.06288789355257239,-0.06288789355257238,-7.56110913567615,-1.7484903443095259,False
NAM,1966,1969,71.39288757613434,59.3954425673181,-0.20915978263581878,0.04111160002068087,-0.16804818261513801,-0.1680481826151379,-14.932520847167705,2.9350758383514717,False
NAM,1969,1972,59.3954425673181,62.23478170944422,0.022396202074485647,0.025407787918653155,0.04780398999313874,0.0478039899931388,1.3302323340411628,1.5091068080849621,False
NAM,1972,1975,62.23478170944422,71.33773541490942,0.14721576185609414,-0.0009478156140040462,0.14626794624209005,0.1462679462420901,9.161940803303544,-0.05898709783834466,False
NAM,1975,1978,71.33773541490942,74.42096970723722,0.05573959233838342,-0.012519348881041815,0.04322024345734156,0.04322024345734161,3.976336290370509,-0.8931019980427033,False
NAM,1978,1981,74.42096970723722,82.77986031208138,0.09824064235637722,0.014078380598133973,0.11231902295451124,0.1123190229545112,7.311163868823475,1.0477267360206846,False
NAM,1981,1984,82.77986031208138,78.22458618578247,-0.08889125307076887,0.03386248026147124,-0.05502877280929753,-0.055028772809297626,-7.358405512164122,2.8031313858652025,False
NAM,1984,1987,78.22458618578247,74.09073383595637,-0.062369211245625604,0.00952326406466827,-0.05284594718095727,-0.05284594718095734,-4.878805740422713,0.7449533905966083,False
NAM,1987,1990,74.09073383595637,71.63414620326719,-0.0003823727526789729,-0.03277410317220908,-0.03315647592488808,-0.03315647592488805,-0.028330277844859753,-2.4282573548443165,False
NAM,1990,1993,71.63414620326719,81.75902609931495,0.0827385941370686,0.05860293686014143,0.14134153099720995,0.14134153099721003,5.926908549067559,4.197971346980207,False
NAM,1993,1996,81.75902609931495,89.38285222888626,0.040112550196327465,0.05313496623458548,0.09324751643091296,0.09324751643091295,3.2795630384116183,4.344263091159693,False
NAM,1996,1999,89.38285222888626,95.92297475429191,0.07490016490671265,-0.0017303973023168873,0.0731697676043957,0.07316976760439577,6.69479037177591,-0.15466784637025377,False
NAM,1999,2002,95.92297475429191,100.37828803128102,0.024391535962606476,0.022055243741645286,0.04644677970425179,0.04644677970425176,2.3397086883595044,2.1156045886295956,False
NAM,2002,2005,100.37828803128102,114.62887842192774,0.12897097792905268,0.012997874799395823,0.14196885272844853,0.1419688527284485,12.945885970238436,1.304704420408283,False
NAM,2005,2008,114.62887842192774,123.24564706372213,0.07932562094275382,-0.0041546102827903705,0.07517101065996354,0.07517101065996346,9.093006958790852,-0.47623831699646824,False
NAM,2008,2011,123.24564706372213,127.41461686894225,0.03715277210298899,-0.0033262645991205307,0.03382650750386842,0.03382650750386846,4.578917438043883,-0.4099476328237621,False
NAM,2011,2014,127.41461686894225,129.4698496797073,0.058805147760072084,-0.04267487274712705,0.01613027501294491,0.016130275012945033,7.492635371771122,-5.437402561006058,False
NAM,2014,2017,129.4698496797073,136.15315848251237,-0.04374702033417737,0.09536760087349809,0.051620580539320685,0.05162058053932072,-5.6639201466010425,12.34722894940612,False
NGA,1960,1963,298.97128710595234,311.73881129288793,0.09535010580869997,-0.05264525508365042,0.042704850725049426,0.04270485072504955,28.506943859315776,-15.739419672380148,False
NGA,1963,1966,311.73881129288793,325.54637984028477,0.054659547492088456,-0.010367441256961466,0.04429210623512713,0.04429210623512699,17.03950236099081,-3.2319338135940114,False
NGA,1966,1969,325.54637984028477,345.8672110783802,0.24136361890470268,-0.1789429240468301,0.06242069485787235,0.06242069485787258,78.57505235957608,-58.254221121480576,False
NGA,1969,1972,345.8672110783802,582.2482885515358,0.3272039092336977,0.35624069002780046,0.6834445992614983,0.6834445992614981,113.16910354060246,123.21197393255308,False
NGA,1972,1975,582.2482885515358,644.6782007836737,0.09922659618527443,0.007995551925191099,0.10722214811046563,0.10722214811046553,57.77451580767039,4.655396424467455,False
NGA,1975,1978,644.6782007836737,683.0962139020037,-0.19467152845458574,0.25426407101555487,0.059592542560969027,0.05959254256096913,-125.50049070791006,163.91850382624014,False
NGA,1978,1981,683.0962139020037,620.4161108367998,-0.1858221613380157,0.09406334056054334,-0.09175882077747234,-0.09175882077747237,-126.93441486908583,64.25431180388193,False
NGA,1981,1984,620.4161108367998,603.1979473046476,-0.09785543236170104,0.07010282692254043,-0.027752605439160503,-0.02775260543916061,-60.71108677010008,43.492923237947835,False
NGA,1984,1987,603.1979473046476,661.6210969202883,0.3236498672917468,-0.22679418355359585,0.09685568373815076,0.09685568373815093,195.2249355958033,-136.8017859801625,False
NGA,1987,1990,661.6210969202883,760.7113638006942,0.22745698515840773,-0.07768808065755234,0.1497689045008555,0.1497689045008554,150.49034002268746,-51.40007314228161,False
NGA,1990,1993,760.7113638006942,725.3480229949466,0.04947915149790577,-0.09596635083335925,-0.04648719933545357,-0.04648719933545348,37.639352815673064,-73.0026936214206,False
NGA,1993,1996,725.3480229949466,686.0868234733978,-0.06794400157683422,0.013816605793165883,-0.05412739578366837,-0.05412739578366834,-49.28304721812224,10.0218476965734,False
NGA,1996,1999,686.0868234733978,673.772954913673,-0.02419783065934933,0.006249856527759913,-0.01794797413158931,-0.017947974131589415,-16.601812772020175,4.287944212295278,False
NGA,1999,2002,673.772954913673,801.8896695794247,0.16717029867069336,0.02297790144839071,0.1901482001190841,0.19014820011908407,112.63482610915432,15.481888556597372,False
NGA,2002,2005,801.8896695794247,930.8636695319128,0.08551984054601933,0.07531774702401704,0.16083758757003627,0.16083758757003636,68.57747667793252,60.396523274555726,False
NGA,2005,2008,930.8636695319128,1037.078616010244,0.050320656025951045,0.06378299841330938,0.11410365443926042,0.11410365443926043,46.84167052156995,59.37327595676135,False
NGA,2008,2011,1037.078616010244,1192.4431201902712,0.09191208490133142,0.057897680512337645,0.14980976541366892,0.14980976541366905,95.32005780408883,60.044446375938406,False
NGA,2011,2014,1192.4431201902712,1295.166190718688,0.0538651551966803,0.03227989339232542,0.08614504858900604,0.08614504858900572,64.23113373226266,38.491936796153844,False
NGA,2014,2017,1295.166190718688,1226.010234347205,-0.054828075593889254,0.0014326450560458379,-0.053395430537843576,-0.053395430537843416,-71.01146981137381,1.8555134398908493,False
RWA,1972,1975,243.20633562312116,314.76215390367946,0.28866830596675225,0.005550255803953718,0.2942185617707059,0.294218561770706,70.20596090470778,1.349857375850544,False
RWA,1975,1978,314.76215390367946,314.043145619154,-0.008992656965623519,0.0067083661904832476,-0.002284290775140228,-0.002284290775140271,-2.8305480758165853,2.111539791291128,False
RWA,1978,1981,314.043145619154,351.97851529551895,0.047625999891077776,0.07317068109227312,0.1207966809833508,0.12079668098335089,14.956618819051553,22.978750857313408,False
RWA,1981,1984,351.97851529551895,332.52056818195547,-0.11865600622509202,0.06337437320488692,-0.05528163302020496,-0.0552816330202051,-41.76436490200374,22.306417788440218,False
RWA,1984,1987,332.52056818195547,275.1868729079657,-0.2447020657331461,0.07228056535059921,-0.1724215003825469,-0.1724215003825469,-81.36846993288395,24.03477465889421,False
RWA,1987,1990,275.1868729079657,277.59669999889076,-0.05808164261228857,0.06683869946409192,0.008757056851803334,0.00875705685180335,-15.983305603833742,18.39313269475878,False
RWA,1990,1993,277.59669999889076,270.9763675067103,-0.03537072793245298,0.011521984441601223,-0.02384874349085173,-0.023848743490851757,-9.818797350607536,3.1984648584270614,False
RWA,1993,1996,270.9763675067103,344.9143941420385,0.2572175843648928,0.01564025676583705,0.2728578411307297,0.27285784113072986,69.69988667004944,4.238139965278773,False
RWA,1996,1999,344.9143941420385,347.45435605298655,-0.00974377144761248,0.017107807144835528,0.007364035697223188,0.007364035697223048,-3.360767025511752,5.9007289364597835,False
RWA,1999,2002,347.45435605298655,407.2588268831579,0.12173176559362925,0.05039003915085127,0.17212180474448044,0.17212180474448052,42.296232225527554,17.508238604643807,False
RWA,2002,2005,407.2588268831579,446.6918956578623,-0.13051734582962904,0.22734291760788716,0.0968255717782581,0.09682557177825812,-53.154341150478146,92.58740992518254,False
RWA,2005,2008,446.6918956578623,543.0033157728341,0.10776373624944517,0.10784666781470253,0.21561040406414766,0.21561040406414772,48.137187628438554,48.17423248653324,False
RWA,2008,2011,543.0033157728341,621.9746440627264,0.102588850408939,0.04284548856465595,0.14543433897359484,0.14543433897359495,55.706085933377146,23.265242356515223,False
RWA,2011,2014,621.9746440627264,711.5216921525249,0.01718571951357885,0.12678646479425537,0.14397218430783437,0.14397218430783423,10.689081777420057,78.85796631237838,False
RWA,2014,2017,711.5216921525249,802.7358914162123,0.08971316595265437,0.03848278403692711,0.1281959499895814,0.12819594998958148,63.83286364699292,27.381335616694553,False
SEN,1972,1975,1810.9168133504713,1651.1192780423255,-0.08842816835076715,0.00018693378378784912,-0.08824123456697942,-0.0882412345669793,-160.13605684019026,0.33852153204463775,False
SEN,1975,1978,1651.1192780423255,1421.9357396618823,-0.13975677507064468,0.0009518192880568041,-0.13880495578258775,-0.1388049557825879,-230.7551055561665,1.5715671757231107,False
SEN,1978,1981,1421.9357396618823,1376.995401437407,-0.06079505619515981,0.029190014581140344,-0.031605041614019384,-0.03160504161401947,-86.44666319865027,41.50632497417492,False
SEN,1981,1984,1376.995401437407,1242.7409377601493,-0.11533907583329689,0.01784095526069855,-0.09749812057259831,-0.09749812057259834,-158.8213770284902,24.566913351232422,False
SEN,1984,1987,1242.7409377601493,1220.9148540107005,-0.04495868873211194,0.027395829823813007,-0.017562858908299086,-0.01756285890829893,-55.87200299541145,34.04591924596284,False
SEN,1987,1990,1220.9148540107005,1073.7168025373844,-0.1332342096975599,0.012670477517734945,-0.12056373217982491,-0.12056373217982494,-162.66762568212738,15.469574208811224,False
SEN,1990,1993,1073.7168025373844,1061.26635966988,-0.02017362832139113,0.008577979600907636,-0.011595648720483548,-0.011595648720483496,-21.660763696821707,9.210320829317455,False
SEN,1993,1996,1061.26635966988,1093.0105871360906,-0.007003451049361215,0.03691510063381147,0.029911649584450188,0.029911649584450254,-7.4325270002817785,39.17675446649238,False
SEN,1996,1999,1093.0105871360906,1166.2634139456006,0.007837290379061076,0.05918203008465655,0.0670193204637178,0.06701932046371763,8.566241358773581,64.68658545073623,False
SEN,1999,2002,1166.2634139456006,1158.0941973901768,-0.05737149570641155,0.05036688897885724,-0.007004606727554362,-0.007004606727554312,-66.9102764457249,58.74105989030109,False
SEN,2002,2005,1158.0941973901768,1269.037728451574,0.04106104451218802,0.05473732086380129,0.09579836537598924,0.09579836537598932,47.5525573883447,63.390973673052535,False
SEN,2005,2008,1269.037728451574,1265.4068340299514,-0.008550871182860686,0.005689731328450907,-0.0028611398544098497,-0.0028611398544097794,-10.851378142179549,7.2204837205570955,False
SEN,2008,2011,1265.4068340299514,1249.3423829811766,-0.009781469656850186,-0.0029136182917539216,-0.012695087948604017,-0.012695087948604107,-12.37753855063483,-3.686912498140085,False
SEN,2011,2014,1249.3423829811766,1258.606587910319,0.004533239845928505,0.0028820252209912226,0.007415265066919556,0.0074152650669197274,5.66356867173754,3.600636257405026,False
SEN,2014,2017,1258.606587910319,1402.2772379067846,0.07176514863142246,0.04238541388470395,0.11415056251612667,0.1141505625161264,90.32408884987152,53.3465611465939,False
SLE,2002,2005,3711.067506859301,3889.935573954046,0.04569478361302383,0.00250376485426669,0.048198548467290554,0.04819854846729052,169.57642669925957,9.291640395485425,False
SLE,2005,2008,3889.935573954046,4352.729222290712,0.1333746329958327,-0.014402573037974738,0.11897205995785803,0.11897205995785795,518.8187295535547,-56.02508121688933,False
SLE,2008,2011,4352.729222290712,4846.808852774531,0.14546450607767197,-0.03195419903775917,0.1135103070399128,0.1135103070399128,633.1676064103676,-139.0879759265481,False
SLE,2011,2014,4846.808852774531,7052.988962602357,0.6097844334092581,-0.1546024411248071,0.45518199228445105,0.45518199228445105,2955.508590132094,-749.3284803042683,False
SLE,2014,2017,7052.988962602357,5035.425922180223,-0.2750662764298126,-0.010991599333218399,-0.286057875763031,-0.286057875763031,-1940.039411643597,-77.52362877853679,False
SWZ,1993,1996,94.72331126909833,100.90578767148254,0.06037752497436921,0.004891270209748463,0.06526879518411774,0.06526879518411767,5.719159091804933,0.46331731057927156,False
SWZ,1996,1999,100.90578767148254,104.40664213957334,0.03130799893041678,0.003386289166203367,0.03469428809662011,0.034694288096620146,3.159158292491638,0.3416961755991586,False
SWZ,1999,2002,104.40664213957334,106.51443495759403,0.013575552150471836,0.006612749808353222,0.020188301958825088,0.02018830195882506,1.4173778152214282,0.690415002799267,False
SWZ,2002,2005,106.51443495759403,119.09142940874435,0.11352618896200513,0.004551651437350435,0.11807784039935543,0.11807784039935557,12.092177870177025,0.48481658097330227,False
SWZ,2005,2008,119.09142940874435,122.37978195265983,0.023728080022866138,0.0038839199358314523,0.027611999958697536,0.02761199995869759,2.8258109670481995,0.46254157686728625,False
SWZ,2008,2011,122.37978195265983,117.21210995738785,-0.04543714353005355,0.00321062610358034,-0.04222651742647315,-0.04222651742647321,-5.560587717759661,0.3929157224876798,False
SWZ,2011,2014,117.21210995738785,113.94107669869067,-0.030663597127567135,0.0027566405862475595,-0.027906956541319517,-0.027906956541319576,-3.5941449182054415,0.32311165950824705,False
SWZ,2014,2017,113.94107669869067,107.51113987461471,-0.058742281422012946,0.002310158693530522,-0.056432122728482526,-0.05643212272848242,-6.693158792961649,0.26322196888570826,False
TZA,1960,1963,1048.3954301716835,1058.1451697253449,-0.08266051454350222,0.09196019219668004,0.009299677653177824,0.009299677653177824,-86.66090570304772,96.41064525670907,False
TZA,1963,1966,1058.1451697253449,1269.3966285231816,0.10797060844066916,0.09167256419949861,0.1996431726401678,0.1996431726401678,114.24857779380062,97.00288100403603,False
TZA,1966,1969,1269.3966285231816,1305.97787211209,-0.04429813826948799,0.0731159583006212,0.028817820031133257,0.028817820031133215,-56.23190736914178,92.81315095805009,False
TZA,1969,1972,1305.97787211209,1404.5357706077816,-0.04605697593035461,0.12152372050566596,0.07546674457531133,0.07546674457531134,-60.14939142144226,158.70728991713398,False
TZA,1972,1975,1404.5357706077816,1408.1189824723715,-0.04906734844548235,0.051618520113427276,0.00255117166794501,0.0025511716679449264,-68.91684606055608,72.50005792514585,False
TZA,1975,1978,1408.1189824723715,1337.666453693154,-0.022143546727396705,-0.027889532619007118,-0.05003307934640382,-0.05003307934640382,-31.180748486111263,-39.27178029310632,False
TZA,1978,1981,1337.666453693154,1327.66022803738,-0.0414919522241047,0.03401159295506008,-0.007480359269044867,-0.007480359269044619,-55.5023925884239,45.496166932650276,False
TZA,1981,1984,1327.66022803738,1210.3593518878165,-0.05889033999774136,-0.029461237968079118,-0.0883515779658204,-0.08835157796582048,-78.18636223060014,-39.11451391896344,False
TZA,1984,1987,1210.3593518878165,1216.5538988475755,-0.04177931221372005,0.04689725255936809,0.00511794034564799,0.005117940345648039,-50.56798125331693,56.762528213076,False
TZA,1987,1990,1216.5538988475755,1291.1273465059903,0.010296315731200986,0.05100261046438885,0.06129892619559001,0.06129892619558984,12.526023046558183,62.047424611856414,False
TZA,1990,1993,1291.1273465059903,1262.5532804163195,0.0016747989070436294,-0.02380589710351283,-0.02213109819646925,-0.0221310981964692,2.162378668782374,-30.73644475845316,False
TZA,1993,1996,1262.5532804163195,1260.854363597323,0.012821507091230222,-0.014167126991276082,-0.0013456199000458713,-0.00134561990004586,16.18783583791382,-17.8867526569102,False
TZA,1996,1999,1260.854363597323,1354.8617038104917,0.013450094456672841,0.061108350140336665,0.07455844459700944,0.0745584445970095,16.958610286492117,77.04872992667657,False
TZA,1999,2002,1354.8617038104917,1477.5319504176484,0.006790282895509186,0.0837505053356082,0.09054078823111748,0.09054078823111739,9.199894253164814,113.4703523539918,False
TZA,2002,2005,1477.5319504176484,1669.0881905828567,-0.048798730001483895,0.17844481996323508,0.12964608996175125,0.1296460899617512,-72.10168271699672,263.65792288220484,False
TZA,2005,2008,1669.0881905828567,1829.9283928049153,-0.0008074299945704995,0.09717154252591162,0.09636411253134097,0.09636411253134113,-1.3476718686600009,162.18787409071894,False
TZA,2008,2011,1829.9283928049153,2063.584151924703,0.06985683471040355,0.05782890427178666,0.12768573898219035,0.1276857389821902,127.83300526804739,105.82275385173988,False
TZA,2011,2014,2063.584151924703,2283.294687757697,0.03807414805151916,0.06839620627256808,0.10647035432408719,0.10647035432408725,78.56920851714975,141.14132731584445,False
TZA,2014,2017,2283.294687757697,2542.1343200394695,0.05846592235243061,0.05489641921021941,0.1133623415626501,0.11336234156265002,133.4949299221588,125.34470235961358,False
UGA,1990,1993,1860.460698183082,2121.095502353442,0.05182001734640554,0.08827152257426822,0.14009153992067386,0.14009153992067375,96.40910565215307,164.22569851820674,False
UGA,1993,1996,2121.095502353442,2387.3570349780057,0.02057241867334796,0.10495777660976675,0.1255301952831146,0.1255301952831147,43.636064720570324,222.62546790399355,False
UGA,1996,1999,2387.3570349780057,2620.7329252579466,0.0035124574963325606,0.09424246012204969,0.09775491761838252,0.09775491761838224,8.385490113930771,224.9904001660095,False
UGA,1999,2002,2620.7329252579466,2707.779827663112,-0.04255105588221503,0.07576577286700593,0.03321471698479072,0.03321471698479091,-111.51495315501174,198.5618555601776,False
UGA,2002,2005,2707.779827663112,2858.8941686834987,0.0014613089871502911,0.054346160836126624,0.05580746982327679,0.05580746982327692,3.9569029973883723,147.15743802299872,False
UGA,2005,2008,2858.8941686834987,3089.8822760263733,0.04462449729076679,0.03617181544900926,0.08079631273977626,0.08079631273977605,127.57671508500576,103.41139225786827,False
UGA,2008,2011,3089.8822760263733,3399.908369878957,-0.00849990054005314,0.10883579238227596,0.10033589184222282,0.10033589184222282,-26.2636920266972,336.28978587928066,False
UGA,2011,2014,3399.908369878957,3339.877176670998,0.05372505112641948,-0.071381760271818,-0.017656709145398578,-0.01765670914539852,182.66025099688846,-242.69144420484724,False
UGA,2014,2017,3339.877176670998,3412.212603290372,0.002084492931291719,0.019573616871259285,0.021658109802550903,0.021658109802551003,6.961950366153239,65.37347625322127,False
ZAF,1960,1963,123.78701970228168,138.89086255002377,0.08856599494586627,0.03344875978421864,0.1220147547300849,0.12201475473008491,10.963320561316127,4.14052228642596,False
ZAF,1963,1966,138.89086255002377,152.21362535725797,0.07565508097472001,0.020267448143679173,0.09592252911839894,0.09592252911839919,10.507799452870756,2.8149633543634787,False
ZAF,1966,1969,152.21362535725797,166.00614934078635,0.08125192503939724,0.009361014184382182,0.09061293922377966,0.09061293922377942,12.36765007750282,1.4248739060255273,False
ZAF,1969,1972,166.00614934078635,174.19736070069698,0.04404049503557741,0.005302323844555008,0.04934281888013236,0.049342818880132415,7.310992995918223,0.880218363992411,False
ZAF,1972,1975,174.19736070069698,185.11270992207727,0.07187579080601457,-0.00921497219502049,0.06266081861099417,0.06266081861099408,12.52057305668316,-1.6052238353028776,False
ZAF,1975,1978,185.11270992207727,188.0665106132385,-0.026898151243124075,0.04285491991883864,0.015956768675714536,0.015956768675714567,-4.979189668508589,7.932990359669828,False
ZAF,1978,1981,188.0665106132385,203.33403857485627,0.05660480960239122,0.024576725120798667,0.08118153472318977,0.08118153472318988,10.645469025848453,4.622058935769328,False
ZAF,1981,1984,203.33403857485627,199.35287741748462,-0.02514725268936395,0.0055678394967911705,-0.019579413192572788,-0.01957941319257278,-5.113292448390787,1.1321312910191441,False
ZAF,1984,1987,199.35287741748462,183.64830693712554,-0.09596043668729666,0.017182689991067056,-0.07877774669622943,-0.07877774669622961,-19.129989171850944,3.425418691491831,False
ZAF,1987,1990,183.64830693712554,167.01745365456082,-0.10465498780629044,0.014096824979020367,-0.09055816282727022,-0.09055816282727007,-19.219711323150758,2.5888580405860706,False
ZAF,1990,1993,167.01745365456082,153.39926923828003,-0.07297771008666626,-0.008559782662127882,-0.08153749274879404,-0.08153749274879414,-12.188551312215758,-1.429633104065057,False
ZAF,1993,1996,153.39926923828003,152.29788122518877,-0.013970374184469872,0.006790496349586398,-0.007179877834883497,-0.007179877834883474,-2.1430451908830106,1.0416571777917616,False
ZAF,1996,1999,152.29788122518877,148.87493630711327,-0.02742798880849873,0.004952660258035619,-0.022475328550462956,-0.022475328550463112,-4.177224581802546,0.7542796637270215,False
ZAF,1999,2002,148.87493630711327,161.23625089700565,0.06570946690175752,0.017322068805450504,0.08303153570720787,0.08303153570720803,9.782492699773519,2.5788218901188773,False
ZAF,2002,2005,161.23625089700565,167.0309575391434,0.06814043096106467,-0.03220120135295811,0.035939229608106506,0.03593922960810656,10.986707622668316,-5.192000980530552,False
ZAF,2005,2008,167.0309575391434,163.12211266815,0.019621284806597836,-0.043023203400504965,-0.023401918593907126,-0.02340191859390713,3.277361989394283,-7.186206860387674,False
ZAF,2008,2011,163.12211266815,179.09303380300662,0.0934994111739518,0.004408351750547059,0.09790776292449878,0.09790776292449886,15.251821483923049,0.7190996509335736,False
ZAF,2011,2014,179.09303380300662,178.54306789659475,-0.014835986679813293,0.011765147492305686,-0.0030708391875074563,-0.0030708391875076072,-2.657021863948758,2.107055957536861,False
ZAF,2014,2017,178.54306789659475,171.78751055151983,-0.0442010709740724,0.006363940556959448,-0.037837130417113014,-0.03783713041711295,-7.891794816026012,1.1362374709511038,False
ZMB,1966,1969,35.82028706690508,33.284637210616424,-0.04005285577590412,-0.030735238455517698,-0.07078809423142182,-0.07078809423142182,-1.4347047917422326,-1.1009450645464243,False
ZMB,1969,1972,33.284637210616424,30.784391341698985,-0.02389665530772913,-0.05122045812500988,-0.07511711343273898,-0.07511711343273901,-0.7953915024649154,-1.7048543664525242,False
ZMB,1972,1975,30.784391341698985,28.55995898079481,-0.026685272429828665,-0.04557317621752436,-0.072258448647353,-0.07225844864735302,-0.8214898695396962,-1.402942491364479,False
ZMB,1975,1978,28.55995898079481,26.883992943664147,-0.016669605172451963,-0.04201276332316354,-0.05868236849561548,-0.058682368495615506,-0.4760832399512731,-1.1998827971793913,False
ZMB,1978,1981,26.883992943664147,24.735275894385747,-0.018729879577167815,-0.06119563795220627,-0.07992551752937414,-0.07992551752937409,-0.5035339503882588,-1.6451830988901393,False
ZMB,1981,1984,24.735275894385747,23.465343402236087,-0.006644205370040094,-0.04469674176845136,-0.051340947138491445,-0.05134094713849146,-0.16434625292690108,-1.1055862392227596,False
ZMB,1984,1987,23.465343402236087,21.93098914398437,0.002702066843738656,-0.06809016843467919,-0.06538810159094044,-0.06538810159094054,0.06340492638412376,-1.5977591846358432,False
ZMB,1987,1990,21.93098914398437,20.03875077747588,0.0026946477427614774,-0.08897613528011347,-0.08628148753735203,-0.086281487537352,0.05909629039336395,-1.9513346569018533,False
ZMB,1990,1993,20.03875077747588,18.787264197430904,-0.0037488331050946106,-0.05870449015553901,-0.06245332326063367,-0.062453323260633624,-0.07512193229934194,-1.1763646477456324,False
ZMB,1993,1996,18.787264197430904,18.3635551263043,-0.011529372524939399,-0.011023622241831815,-0.02255299476677112,-0.022552994766771216,-0.21660536765663752,-0.20710370346996987,False
ZMB,1996,1999,18.3635551263043,17.599847054690336,-0.055213456391529546,0.013625209107101926,-0.04158824728442765,-0.04158824728442762,-1.0139153501596512,0.2502072785456896,False
ZMB,1999,2002,17.599847054690336,18.897515860639235,0.022455803034858033,0.05127601985635696,0.07373182289121492,0.073731822891215,0.39521869890375244,0.9024501070451472,False
ZMB,2002,2005,18.897515860639235,21.00276111055866,0.08214983311690528,0.029253446840347863,0.11140327995725312,0.11140327995725315,1.5524277742755839,0.5528174756438404,False
ZMB,2005,2008,21.00276111055866,22.754580639788223,0.06039334848539128,0.02301566235884855,0.08340901084423977,0.08340901084423984,1.2684270709053926,0.4833924583241731,False
ZMB,2008,2011,22.754580639788223,25.0307423671997,0.09090422242016054,0.009126701614159868,0.10003092403432055,0.1000309240343204,2.0684874595567875,0.20767426785468607,False
ZMB,2011,2014,25.0307423671997,26.04579767629335,0.06692763535599498,-0.02637528999592364,0.04055234536007128,0.040552345360071344,1.675248397841796,-0.6601930887481442,False
ZMB,2014,2017,26.04579767629335,26.311366422001733,0.0073217030036882335,0.0028745193969065643,0.010196222400594796,0.010196222400594798,0.19069959507997303,0.07486915062840915,False
